2026-04-21 08:49:55,945 | app | INFO | app\core\bootstrap.py:10 | -----------------Bootstrapping FastAPI-----------------
2026-04-21 08:52:23,105 | app | INFO | app\core\bootstrap.py:10 | -----------------Bootstrapping FastAPI-----------------
2026-04-21 08:52:31,544 | app | INFO | app\core\bootstrap.py:10 | -----------------Bootstrapping FastAPI-----------------
2026-04-21 08:52:31,577 | uvicorn.error | INFO | .venv\Lib\site-packages\uvicorn\server.py:92 | Started server process [22464]
2026-04-21 08:52:31,577 | uvicorn.error | INFO | .venv\Lib\site-packages\uvicorn\lifespan\on.py:48 | Waiting for application startup.
2026-04-21 08:52:31,577 | uvicorn.error | INFO | .venv\Lib\site-packages\uvicorn\lifespan\on.py:62 | Application startup complete.
2026-04-21 08:52:53,374 | uvicorn.access | INFO | .venv\Lib\site-packages\uvicorn\protocols\http\h11_impl.py:482 | 127.0.0.1:51079 - "GET /docs HTTP/1.1" 200
2026-04-21 08:52:53,639 | uvicorn.access | INFO | .venv\Lib\site-packages\uvicorn\protocols\http\h11_impl.py:482 | 127.0.0.1:51079 - "GET /openapi.json HTTP/1.1" 200
2026-04-21 08:52:59,104 | app.services.user_service | INFO | app\services\user_service.py:14 | Listing all active users
2026-04-21 08:52:59,357 | uvicorn.access | INFO | .venv\Lib\site-packages\uvicorn\protocols\http\h11_impl.py:482 | 127.0.0.1:61600 - "GET /users/ HTTP/1.1" 200
2026-04-21 08:53:01,796 | app.services.user_service | INFO | app\services\user_service.py:14 | Listing all active users
2026-04-21 08:53:01,800 | uvicorn.access | INFO | .venv\Lib\site-packages\uvicorn\protocols\http\h11_impl.py:482 | 127.0.0.1:61600 - "GET /users/ HTTP/1.1" 200
2026-04-21 08:53:30,869 | uvicorn.error | INFO | .venv\Lib\site-packages\uvicorn\server.py:272 | Shutting down
2026-04-21 08:53:30,978 | uvicorn.error | INFO | .venv\Lib\site-packages\uvicorn\lifespan\on.py:67 | Waiting for application shutdown.
2026-04-21 08:53:30,979 | uvicorn.error | INFO | .venv\Lib\site-packages\uvicorn\lifespan\on.py:76 | Application shutdown complete.
2026-04-21 08:53:30,980 | uvicorn.error | INFO | .venv\Lib\site-packages\uvicorn\server.py:102 | Finished server process [22464]
2026-04-21 08:53:34,088 | app | INFO | app\core\bootstrap.py:10 | -----------------Bootstrapping FastAPI-----------------
2026-04-21 08:53:34,121 | uvicorn.error | INFO | .venv\Lib\site-packages\uvicorn\server.py:92 | Started server process [24996]
2026-04-21 08:53:34,122 | uvicorn.error | INFO | .venv\Lib\site-packages\uvicorn\lifespan\on.py:48 | Waiting for application startup.
2026-04-21 08:53:34,123 | uvicorn.error | INFO | .venv\Lib\site-packages\uvicorn\lifespan\on.py:62 | Application startup complete.
2026-04-21 08:53:52,118 | uvicorn.error | INFO | .venv\Lib\site-packages\uvicorn\server.py:272 | Shutting down
2026-04-21 08:53:52,219 | uvicorn.error | INFO | .venv\Lib\site-packages\uvicorn\lifespan\on.py:67 | Waiting for application shutdown.
2026-04-21 08:53:52,220 | uvicorn.error | INFO | .venv\Lib\site-packages\uvicorn\lifespan\on.py:76 | Application shutdown complete.
2026-04-21 08:53:52,221 | uvicorn.error | INFO | .venv\Lib\site-packages\uvicorn\server.py:102 | Finished server process [24996]
2026-04-21 08:53:55,194 | app | INFO | app\core\bootstrap.py:10 | -----------------Bootstrapping FastAPI-----------------
2026-04-21 08:53:55,221 | uvicorn.error | INFO | .venv\Lib\site-packages\uvicorn\server.py:92 | Started server process [19904]
2026-04-21 08:53:55,221 | uvicorn.error | INFO | .venv\Lib\site-packages\uvicorn\lifespan\on.py:48 | Waiting for application startup.
2026-04-21 08:53:55,229 | uvicorn.error | INFO | .venv\Lib\site-packages\uvicorn\lifespan\on.py:62 | Application startup complete.
2026-04-21 08:54:33,454 | uvicorn.error | INFO | .venv\Lib\site-packages\uvicorn\server.py:272 | Shutting down
2026-04-21 08:54:33,570 | uvicorn.error | INFO | .venv\Lib\site-packages\uvicorn\lifespan\on.py:67 | Waiting for application shutdown.
2026-04-21 08:54:33,570 | uvicorn.error | INFO | .venv\Lib\site-packages\uvicorn\lifespan\on.py:76 | Application shutdown complete.
2026-04-21 08:54:33,571 | uvicorn.error | INFO | .venv\Lib\site-packages\uvicorn\server.py:102 | Finished server process [19904]
2026-04-21 08:54:36,609 | app | INFO | app\core\bootstrap.py:10 | -----------------Bootstrapping FastAPI-----------------
2026-04-21 08:54:36,643 | uvicorn.error | INFO | .venv\Lib\site-packages\uvicorn\server.py:92 | Started server process [16012]
2026-04-21 08:54:36,643 | uvicorn.error | INFO | .venv\Lib\site-packages\uvicorn\lifespan\on.py:48 | Waiting for application startup.
2026-04-21 08:54:36,645 | uvicorn.error | INFO | .venv\Lib\site-packages\uvicorn\lifespan\on.py:62 | Application startup complete.
2026-04-21 08:55:20,900 | uvicorn.access | INFO | .venv\Lib\site-packages\uvicorn\protocols\http\h11_impl.py:482 | 127.0.0.1:58129 - "GET /docs HTTP/1.1" 200
2026-04-21 08:55:21,176 | uvicorn.access | INFO | .venv\Lib\site-packages\uvicorn\protocols\http\h11_impl.py:482 | 127.0.0.1:58129 - "GET /openapi.json HTTP/1.1" 200
2026-04-21 08:55:39,693 | app.services.user_service | INFO | app\services\user_service.py:14 | Listing all active users
2026-04-21 08:55:39,926 | uvicorn.access | INFO | .venv\Lib\site-packages\uvicorn\protocols\http\h11_impl.py:482 | 127.0.0.1:55022 - "GET /users/ HTTP/1.1" 200
2026-04-21 08:56:27,885 | app.services.user_service | INFO | app\services\user_service.py:41 | Updating user with ID: 5
2026-04-21 08:56:27,887 | app.services.user_service | INFO | app\services\user_service.py:18 | Fetching user details for ID: 5
2026-04-21 08:56:28,302 | uvicorn.access | INFO | .venv\Lib\site-packages\uvicorn\protocols\http\h11_impl.py:482 | 127.0.0.1:57511 - "PUT /users/5 HTTP/1.1" 200
2026-04-21 08:57:05,255 | uvicorn.access | INFO | .venv\Lib\site-packages\uvicorn\protocols\http\h11_impl.py:482 | 127.0.0.1:58694 - "GET /docs HTTP/1.1" 200
2026-04-21 08:57:05,397 | uvicorn.access | INFO | .venv\Lib\site-packages\uvicorn\protocols\http\h11_impl.py:482 | 127.0.0.1:58694 - "GET /openapi.json HTTP/1.1" 200
2026-04-21 08:57:35,033 | app.services.user_service | INFO | app\services\user_service.py:41 | Updating user with ID: 5
2026-04-21 08:57:35,033 | app.services.user_service | INFO | app\services\user_service.py:18 | Fetching user details for ID: 5
2026-04-21 08:57:35,046 | uvicorn.access | INFO | .venv\Lib\site-packages\uvicorn\protocols\http\h11_impl.py:482 | 127.0.0.1:61036 - "PUT /users/5 HTTP/1.1" 200
2026-04-21 08:58:14,054 | app.services.user_service | INFO | app\services\user_service.py:41 | Updating user with ID: 5
2026-04-21 08:58:14,055 | app.services.user_service | INFO | app\services\user_service.py:18 | Fetching user details for ID: 5
2026-04-21 08:58:14,069 | uvicorn.access | INFO | .venv\Lib\site-packages\uvicorn\protocols\http\h11_impl.py:482 | 127.0.0.1:65326 - "PUT /users/5 HTTP/1.1" 200
2026-04-21 08:59:05,122 | uvicorn.access | INFO | .venv\Lib\site-packages\uvicorn\protocols\http\h11_impl.py:482 | 127.0.0.1:52290 - "PUT /users/5 HTTP/1.1" 422
2026-04-21 09:00:41,993 | uvicorn.error | INFO | .venv\Lib\site-packages\uvicorn\server.py:272 | Shutting down
2026-04-21 09:00:42,094 | uvicorn.error | INFO | .venv\Lib\site-packages\uvicorn\lifespan\on.py:67 | Waiting for application shutdown.
2026-04-21 09:00:42,095 | uvicorn.error | INFO | .venv\Lib\site-packages\uvicorn\lifespan\on.py:76 | Application shutdown complete.
2026-04-21 09:00:42,096 | uvicorn.error | INFO | .venv\Lib\site-packages\uvicorn\server.py:102 | Finished server process [16012]
2026-04-21 09:00:45,031 | app | INFO | app\core\bootstrap.py:14 | -----------------Bootstrapping FastAPI-----------------
2026-04-21 09:00:45,068 | uvicorn.error | INFO | .venv\Lib\site-packages\uvicorn\server.py:92 | Started server process [41956]
2026-04-21 09:00:45,068 | uvicorn.error | INFO | .venv\Lib\site-packages\uvicorn\lifespan\on.py:48 | Waiting for application startup.
2026-04-21 09:00:45,070 | uvicorn.error | INFO | .venv\Lib\site-packages\uvicorn\lifespan\on.py:62 | Application startup complete.
2026-04-21 09:01:03,404 | uvicorn.error | INFO | .venv\Lib\site-packages\uvicorn\server.py:272 | Shutting down
2026-04-21 09:01:03,505 | uvicorn.error | INFO | .venv\Lib\site-packages\uvicorn\lifespan\on.py:67 | Waiting for application shutdown.
2026-04-21 09:01:03,505 | uvicorn.error | INFO | .venv\Lib\site-packages\uvicorn\lifespan\on.py:76 | Application shutdown complete.
2026-04-21 09:01:03,505 | uvicorn.error | INFO | .venv\Lib\site-packages\uvicorn\server.py:102 | Finished server process [41956]
2026-04-21 09:01:06,386 | app | INFO | app\core\bootstrap.py:10 | -----------------Bootstrapping FastAPI-----------------
2026-04-21 09:01:06,420 | uvicorn.error | INFO | .venv\Lib\site-packages\uvicorn\server.py:92 | Started server process [45360]
2026-04-21 09:01:06,421 | uvicorn.error | INFO | .venv\Lib\site-packages\uvicorn\lifespan\on.py:48 | Waiting for application startup.
2026-04-21 09:01:06,422 | uvicorn.error | INFO | .venv\Lib\site-packages\uvicorn\lifespan\on.py:62 | Application startup complete.
2026-04-21 09:27:58,567 | uvicorn.error | INFO | .venv\Lib\site-packages\uvicorn\server.py:272 | Shutting down
2026-04-21 09:27:58,682 | uvicorn.error | INFO | .venv\Lib\site-packages\uvicorn\lifespan\on.py:67 | Waiting for application shutdown.
2026-04-21 09:27:58,683 | uvicorn.error | INFO | .venv\Lib\site-packages\uvicorn\lifespan\on.py:76 | Application shutdown complete.
2026-04-21 09:27:58,684 | uvicorn.error | INFO | .venv\Lib\site-packages\uvicorn\server.py:102 | Finished server process [45360]
2026-04-21 09:28:06,264 | root | INFO | app\core\bootstrap.py:10 | -----------------Bootstrapping FastAPI-----------------
2026-04-21 09:28:06,299 | uvicorn.error | INFO | .venv\Lib\site-packages\uvicorn\server.py:92 | Started server process [33476]
2026-04-21 09:28:06,300 | uvicorn.error | INFO | .venv\Lib\site-packages\uvicorn\lifespan\on.py:48 | Waiting for application startup.
2026-04-21 09:28:06,300 | uvicorn.error | INFO | .venv\Lib\site-packages\uvicorn\lifespan\on.py:62 | Application startup complete.
2026-04-21 09:29:02,644 | uvicorn.error | INFO | .venv\Lib\site-packages\uvicorn\server.py:272 | Shutting down
2026-04-21 09:29:02,745 | uvicorn.error | INFO | .venv\Lib\site-packages\uvicorn\lifespan\on.py:67 | Waiting for application shutdown.
2026-04-21 09:29:02,745 | uvicorn.error | INFO | .venv\Lib\site-packages\uvicorn\lifespan\on.py:76 | Application shutdown complete.
2026-04-21 09:29:02,746 | uvicorn.error | INFO | .venv\Lib\site-packages\uvicorn\server.py:102 | Finished server process [33476]
2026-04-21 09:29:31,633 | app | INFO | app\core\bootstrap.py:10 | -----------------Bootstrapping FastAPI-----------------
2026-04-21 09:29:31,673 | uvicorn.error | INFO | .venv\Lib\site-packages\uvicorn\server.py:92 | Started server process [40108]
2026-04-21 09:29:31,674 | uvicorn.error | INFO | .venv\Lib\site-packages\uvicorn\lifespan\on.py:48 | Waiting for application startup.
2026-04-21 09:29:31,674 | uvicorn.error | INFO | .venv\Lib\site-packages\uvicorn\lifespan\on.py:62 | Application startup complete.
2026-04-21 09:29:50,090 | uvicorn.error | INFO | .venv\Lib\site-packages\uvicorn\server.py:272 | Shutting down
2026-04-21 09:29:50,192 | uvicorn.error | INFO | .venv\Lib\site-packages\uvicorn\lifespan\on.py:67 | Waiting for application shutdown.
2026-04-21 09:29:50,193 | uvicorn.error | INFO | .venv\Lib\site-packages\uvicorn\lifespan\on.py:76 | Application shutdown complete.
2026-04-21 09:29:50,193 | uvicorn.error | INFO | .venv\Lib\site-packages\uvicorn\server.py:102 | Finished server process [40108]
2026-04-21 09:29:53,777 | app | INFO | app\core\bootstrap.py:10 | -----------------Bootstrapping FastAPI-----------------
2026-04-21 09:29:53,821 | uvicorn.error | INFO | .venv\Lib\site-packages\uvicorn\server.py:92 | Started server process [54204]
2026-04-21 09:29:53,822 | uvicorn.error | INFO | .venv\Lib\site-packages\uvicorn\lifespan\on.py:48 | Waiting for application startup.
2026-04-21 09:29:53,823 | uvicorn.error | INFO | .venv\Lib\site-packages\uvicorn\lifespan\on.py:62 | Application startup complete.
2026-04-21 09:30:59,042 | uvicorn.error | INFO | .venv\Lib\site-packages\uvicorn\server.py:272 | Shutting down
2026-04-21 09:30:59,153 | uvicorn.error | INFO | .venv\Lib\site-packages\uvicorn\lifespan\on.py:67 | Waiting for application shutdown.
2026-04-21 09:30:59,153 | uvicorn.error | INFO | .venv\Lib\site-packages\uvicorn\lifespan\on.py:76 | Application shutdown complete.
2026-04-21 09:30:59,153 | uvicorn.error | INFO | .venv\Lib\site-packages\uvicorn\server.py:102 | Finished server process [54204]
2026-04-21 09:31:05,624 | app | INFO | app\core\bootstrap.py:10 | -----------------Bootstrapping FastAPI-----------------
2026-04-21 09:31:05,665 | uvicorn.error | INFO | .venv\Lib\site-packages\uvicorn\server.py:92 | Started server process [52872]
2026-04-21 09:31:05,666 | uvicorn.error | INFO | .venv\Lib\site-packages\uvicorn\lifespan\on.py:48 | Waiting for application startup.
2026-04-21 09:31:05,666 | uvicorn.error | INFO | .venv\Lib\site-packages\uvicorn\lifespan\on.py:62 | Application startup complete.
2026-04-21 09:31:06,720 | uvicorn.error | INFO | .venv\Lib\site-packages\uvicorn\server.py:272 | Shutting down
2026-04-21 09:31:06,821 | uvicorn.error | INFO | .venv\Lib\site-packages\uvicorn\lifespan\on.py:67 | Waiting for application shutdown.
2026-04-21 09:31:06,821 | uvicorn.error | INFO | .venv\Lib\site-packages\uvicorn\lifespan\on.py:76 | Application shutdown complete.
2026-04-21 09:31:06,822 | uvicorn.error | INFO | .venv\Lib\site-packages\uvicorn\server.py:102 | Finished server process [52872]
2026-04-21 09:31:09,978 | app | INFO | app\core\bootstrap.py:10 | -----------------Bootstrapping FastAPI-----------------
2026-04-21 09:31:10,018 | uvicorn.error | INFO | .venv\Lib\site-packages\uvicorn\server.py:92 | Started server process [32344]
2026-04-21 09:31:10,018 | uvicorn.error | INFO | .venv\Lib\site-packages\uvicorn\lifespan\on.py:48 | Waiting for application startup.
2026-04-21 09:31:10,019 | uvicorn.error | INFO | .venv\Lib\site-packages\uvicorn\lifespan\on.py:62 | Application startup complete.
2026-04-21 09:31:10,769 | uvicorn.error | INFO | .venv\Lib\site-packages\uvicorn\server.py:272 | Shutting down
2026-04-21 09:31:10,884 | uvicorn.error | INFO | .venv\Lib\site-packages\uvicorn\lifespan\on.py:67 | Waiting for application shutdown.
2026-04-21 09:31:10,885 | uvicorn.error | INFO | .venv\Lib\site-packages\uvicorn\lifespan\on.py:76 | Application shutdown complete.
2026-04-21 09:31:10,885 | uvicorn.error | INFO | .venv\Lib\site-packages\uvicorn\server.py:102 | Finished server process [32344]
2026-04-21 09:31:14,386 | app | INFO | app\core\bootstrap.py:10 | -----------------Bootstrapping FastAPI-----------------
2026-04-21 09:31:14,425 | uvicorn.error | INFO | .venv\Lib\site-packages\uvicorn\server.py:92 | Started server process [34336]
2026-04-21 09:31:14,425 | uvicorn.error | INFO | .venv\Lib\site-packages\uvicorn\lifespan\on.py:48 | Waiting for application startup.
2026-04-21 09:31:14,425 | uvicorn.error | INFO | .venv\Lib\site-packages\uvicorn\lifespan\on.py:62 | Application startup complete.
2026-04-21 09:31:15,168 | uvicorn.error | INFO | .venv\Lib\site-packages\uvicorn\server.py:272 | Shutting down
2026-04-21 09:31:15,283 | uvicorn.error | INFO | .venv\Lib\site-packages\uvicorn\lifespan\on.py:67 | Waiting for application shutdown.
2026-04-21 09:31:15,284 | uvicorn.error | INFO | .venv\Lib\site-packages\uvicorn\lifespan\on.py:76 | Application shutdown complete.
2026-04-21 09:31:15,284 | uvicorn.error | INFO | .venv\Lib\site-packages\uvicorn\server.py:102 | Finished server process [34336]
2026-04-21 09:31:18,426 | app | INFO | app\core\bootstrap.py:10 | -----------------Bootstrapping FastAPI-----------------
2026-04-21 09:31:18,476 | uvicorn.error | INFO | .venv\Lib\site-packages\uvicorn\server.py:92 | Started server process [22652]
2026-04-21 09:31:18,476 | uvicorn.error | INFO | .venv\Lib\site-packages\uvicorn\lifespan\on.py:48 | Waiting for application startup.
2026-04-21 09:31:18,476 | uvicorn.error | INFO | .venv\Lib\site-packages\uvicorn\lifespan\on.py:62 | Application startup complete.
2026-04-21 09:31:26,792 | uvicorn.access | INFO | .venv\Lib\site-packages\uvicorn\protocols\http\h11_impl.py:482 | 127.0.0.1:60526 - "GET /docs HTTP/1.1" 200
2026-04-21 09:31:27,154 | uvicorn.access | INFO | .venv\Lib\site-packages\uvicorn\protocols\http\h11_impl.py:482 | 127.0.0.1:60526 - "GET /openapi.json HTTP/1.1" 200
2026-04-21 09:31:52,283 | uvicorn.access | INFO | .venv\Lib\site-packages\uvicorn\protocols\http\h11_impl.py:482 | 127.0.0.1:52394 - "PUT /users/5 HTTP/1.1" 422
2026-04-21 09:35:12,385 | app.services.user_service | INFO | app\services\user_service.py:18 | Fetching user details for ID: 852
2026-04-21 09:35:12,697 | uvicorn.access | INFO | .venv\Lib\site-packages\uvicorn\protocols\http\h11_impl.py:482 | 127.0.0.1:60262 - "GET /users/852 HTTP/1.1" 404
2026-04-21 10:22:10,404 | uvicorn.error | INFO | .venv\Lib\site-packages\uvicorn\server.py:272 | Shutting down
2026-04-21 10:22:10,507 | uvicorn.error | INFO | .venv\Lib\site-packages\uvicorn\lifespan\on.py:67 | Waiting for application shutdown.
2026-04-21 10:22:10,508 | uvicorn.error | INFO | .venv\Lib\site-packages\uvicorn\lifespan\on.py:76 | Application shutdown complete.
2026-04-21 10:22:10,508 | uvicorn.error | INFO | .venv\Lib\site-packages\uvicorn\server.py:102 | Finished server process [22652]
2026-04-21 10:22:19,161 | app | INFO | app\core\bootstrap.py:10 | -----------------Bootstrapping FastAPI-----------------
2026-04-21 10:22:19,213 | uvicorn.error | INFO | .venv\Lib\site-packages\uvicorn\server.py:92 | Started server process [39888]
2026-04-21 10:22:19,213 | uvicorn.error | INFO | .venv\Lib\site-packages\uvicorn\lifespan\on.py:48 | Waiting for application startup.
2026-04-21 10:22:19,215 | uvicorn.error | INFO | .venv\Lib\site-packages\uvicorn\lifespan\on.py:62 | Application startup complete.
2026-04-21 10:22:26,877 | uvicorn.error | INFO | .venv\Lib\site-packages\uvicorn\server.py:272 | Shutting down
2026-04-21 10:22:26,993 | uvicorn.error | INFO | .venv\Lib\site-packages\uvicorn\lifespan\on.py:67 | Waiting for application shutdown.
2026-04-21 10:22:26,994 | uvicorn.error | INFO | .venv\Lib\site-packages\uvicorn\lifespan\on.py:76 | Application shutdown complete.
2026-04-21 10:22:26,994 | uvicorn.error | INFO | .venv\Lib\site-packages\uvicorn\server.py:102 | Finished server process [39888]
2026-04-21 10:22:29,947 | app | INFO | app\core\bootstrap.py:10 | -----------------Bootstrapping FastAPI-----------------
2026-04-21 10:22:29,982 | uvicorn.error | INFO | .venv\Lib\site-packages\uvicorn\server.py:92 | Started server process [38404]
2026-04-21 10:22:29,982 | uvicorn.error | INFO | .venv\Lib\site-packages\uvicorn\lifespan\on.py:48 | Waiting for application startup.
2026-04-21 10:22:29,982 | uvicorn.error | INFO | .venv\Lib\site-packages\uvicorn\lifespan\on.py:62 | Application startup complete.
2026-04-21 10:22:36,462 | uvicorn.error | INFO | .venv\Lib\site-packages\uvicorn\server.py:272 | Shutting down
2026-04-21 10:22:36,575 | uvicorn.error | INFO | .venv\Lib\site-packages\uvicorn\lifespan\on.py:67 | Waiting for application shutdown.
2026-04-21 10:22:36,576 | uvicorn.error | INFO | .venv\Lib\site-packages\uvicorn\lifespan\on.py:76 | Application shutdown complete.
2026-04-21 10:22:36,578 | uvicorn.error | INFO | .venv\Lib\site-packages\uvicorn\server.py:102 | Finished server process [38404]
2026-04-21 10:22:40,076 | app | INFO | app\core\bootstrap.py:10 | -----------------Bootstrapping FastAPI-----------------
2026-04-21 10:22:40,127 | uvicorn.error | INFO | .venv\Lib\site-packages\uvicorn\server.py:92 | Started server process [31960]
2026-04-21 10:22:40,128 | uvicorn.error | INFO | .venv\Lib\site-packages\uvicorn\lifespan\on.py:48 | Waiting for application startup.
2026-04-21 10:22:40,128 | uvicorn.error | INFO | .venv\Lib\site-packages\uvicorn\lifespan\on.py:62 | Application startup complete.
2026-04-21 10:22:48,907 | uvicorn.error | INFO | .venv\Lib\site-packages\uvicorn\server.py:272 | Shutting down
2026-04-21 10:22:49,020 | uvicorn.error | INFO | .venv\Lib\site-packages\uvicorn\lifespan\on.py:67 | Waiting for application shutdown.
2026-04-21 10:22:49,021 | uvicorn.error | INFO | .venv\Lib\site-packages\uvicorn\lifespan\on.py:76 | Application shutdown complete.
2026-04-21 10:22:49,022 | uvicorn.error | INFO | .venv\Lib\site-packages\uvicorn\server.py:102 | Finished server process [31960]
2026-04-21 10:22:52,428 | app | INFO | app\core\bootstrap.py:10 | -----------------Bootstrapping FastAPI-----------------
2026-04-21 10:22:52,466 | uvicorn.error | INFO | .venv\Lib\site-packages\uvicorn\server.py:92 | Started server process [23748]
2026-04-21 10:22:52,466 | uvicorn.error | INFO | .venv\Lib\site-packages\uvicorn\lifespan\on.py:48 | Waiting for application startup.
2026-04-21 10:22:52,470 | uvicorn.error | INFO | .venv\Lib\site-packages\uvicorn\lifespan\on.py:62 | Application startup complete.
2026-04-21 10:22:52,470 | uvicorn.error | INFO | .venv\Lib\site-packages\uvicorn\server.py:272 | Shutting down
2026-04-21 10:22:52,580 | uvicorn.error | INFO | .venv\Lib\site-packages\uvicorn\lifespan\on.py:67 | Waiting for application shutdown.
2026-04-21 10:22:52,582 | uvicorn.error | INFO | .venv\Lib\site-packages\uvicorn\lifespan\on.py:76 | Application shutdown complete.
2026-04-21 10:22:52,582 | uvicorn.error | INFO | .venv\Lib\site-packages\uvicorn\server.py:102 | Finished server process [23748]
2026-04-21 10:22:55,815 | app | INFO | app\core\bootstrap.py:10 | -----------------Bootstrapping FastAPI-----------------
2026-04-21 10:22:55,858 | uvicorn.error | INFO | .venv\Lib\site-packages\uvicorn\server.py:92 | Started server process [36340]
2026-04-21 10:22:55,858 | uvicorn.error | INFO | .venv\Lib\site-packages\uvicorn\lifespan\on.py:48 | Waiting for application startup.
2026-04-21 10:22:55,858 | uvicorn.error | INFO | .venv\Lib\site-packages\uvicorn\lifespan\on.py:62 | Application startup complete.
2026-04-21 10:22:55,858 | uvicorn.error | INFO | .venv\Lib\site-packages\uvicorn\server.py:272 | Shutting down
2026-04-21 10:22:55,967 | uvicorn.error | INFO | .venv\Lib\site-packages\uvicorn\lifespan\on.py:67 | Waiting for application shutdown.
2026-04-21 10:22:55,968 | uvicorn.error | INFO | .venv\Lib\site-packages\uvicorn\lifespan\on.py:76 | Application shutdown complete.
2026-04-21 10:22:55,969 | uvicorn.error | INFO | .venv\Lib\site-packages\uvicorn\server.py:102 | Finished server process [36340]
2026-04-21 10:22:59,165 | app | INFO | app\core\bootstrap.py:10 | -----------------Bootstrapping FastAPI-----------------
2026-04-21 10:22:59,210 | uvicorn.error | INFO | .venv\Lib\site-packages\uvicorn\server.py:92 | Started server process [48988]
2026-04-21 10:22:59,211 | uvicorn.error | INFO | .venv\Lib\site-packages\uvicorn\lifespan\on.py:48 | Waiting for application startup.
2026-04-21 10:22:59,212 | uvicorn.error | INFO | .venv\Lib\site-packages\uvicorn\lifespan\on.py:62 | Application startup complete.
2026-04-21 10:22:59,323 | uvicorn.error | INFO | .venv\Lib\site-packages\uvicorn\server.py:272 | Shutting down
2026-04-21 10:22:59,430 | uvicorn.error | INFO | .venv\Lib\site-packages\uvicorn\lifespan\on.py:67 | Waiting for application shutdown.
2026-04-21 10:22:59,430 | uvicorn.error | INFO | .venv\Lib\site-packages\uvicorn\lifespan\on.py:76 | Application shutdown complete.
2026-04-21 10:22:59,431 | uvicorn.error | INFO | .venv\Lib\site-packages\uvicorn\server.py:102 | Finished server process [48988]
2026-04-21 10:23:02,735 | app | INFO | app\core\bootstrap.py:10 | -----------------Bootstrapping FastAPI-----------------
2026-04-21 10:23:02,800 | uvicorn.error | INFO | .venv\Lib\site-packages\uvicorn\server.py:92 | Started server process [20852]
2026-04-21 10:23:02,801 | uvicorn.error | INFO | .venv\Lib\site-packages\uvicorn\lifespan\on.py:48 | Waiting for application startup.
2026-04-21 10:23:02,802 | uvicorn.error | INFO | .venv\Lib\site-packages\uvicorn\lifespan\on.py:62 | Application startup complete.
2026-04-21 10:23:03,889 | uvicorn.error | INFO | .venv\Lib\site-packages\uvicorn\server.py:272 | Shutting down
2026-04-21 10:23:03,998 | uvicorn.error | INFO | .venv\Lib\site-packages\uvicorn\lifespan\on.py:67 | Waiting for application shutdown.
2026-04-21 10:23:04,001 | uvicorn.error | INFO | .venv\Lib\site-packages\uvicorn\lifespan\on.py:76 | Application shutdown complete.
2026-04-21 10:23:04,001 | uvicorn.error | INFO | .venv\Lib\site-packages\uvicorn\server.py:102 | Finished server process [20852]
2026-04-21 10:23:07,177 | app | INFO | app\core\bootstrap.py:10 | -----------------Bootstrapping FastAPI-----------------
2026-04-21 10:23:07,205 | uvicorn.error | INFO | .venv\Lib\site-packages\uvicorn\server.py:92 | Started server process [29104]
2026-04-21 10:23:07,205 | uvicorn.error | INFO | .venv\Lib\site-packages\uvicorn\lifespan\on.py:48 | Waiting for application startup.
2026-04-21 10:23:07,205 | uvicorn.error | INFO | .venv\Lib\site-packages\uvicorn\lifespan\on.py:62 | Application startup complete.
2026-04-21 10:23:20,386 | uvicorn.error | INFO | .venv\Lib\site-packages\uvicorn\server.py:272 | Shutting down
2026-04-21 10:23:20,494 | uvicorn.error | INFO | .venv\Lib\site-packages\uvicorn\lifespan\on.py:67 | Waiting for application shutdown.
2026-04-21 10:23:20,495 | uvicorn.error | INFO | .venv\Lib\site-packages\uvicorn\lifespan\on.py:76 | Application shutdown complete.
2026-04-21 10:23:20,495 | uvicorn.error | INFO | .venv\Lib\site-packages\uvicorn\server.py:102 | Finished server process [29104]
2026-04-21 10:23:23,874 | app | INFO | app\core\bootstrap.py:10 | -----------------Bootstrapping FastAPI-----------------
2026-04-21 10:23:23,929 | uvicorn.error | INFO | .venv\Lib\site-packages\uvicorn\server.py:92 | Started server process [28568]
2026-04-21 10:23:23,930 | uvicorn.error | INFO | .venv\Lib\site-packages\uvicorn\lifespan\on.py:48 | Waiting for application startup.
2026-04-21 10:23:23,930 | uvicorn.error | INFO | .venv\Lib\site-packages\uvicorn\lifespan\on.py:62 | Application startup complete.
2026-04-21 11:36:52,936 | uvicorn.error | INFO | .venv\Lib\site-packages\uvicorn\server.py:272 | Shutting down
2026-04-21 11:36:53,051 | uvicorn.error | INFO | .venv\Lib\site-packages\uvicorn\lifespan\on.py:67 | Waiting for application shutdown.
2026-04-21 11:36:53,052 | uvicorn.error | INFO | .venv\Lib\site-packages\uvicorn\lifespan\on.py:76 | Application shutdown complete.
2026-04-21 11:36:53,052 | uvicorn.error | INFO | .venv\Lib\site-packages\uvicorn\server.py:102 | Finished server process [28568]
2026-04-21 11:36:59,138 | app | INFO | app\core\bootstrap.py:10 | -----------------Bootstrapping FastAPI-----------------
2026-04-21 11:36:59,277 | uvicorn.error | INFO | .venv\Lib\site-packages\uvicorn\server.py:92 | Started server process [47772]
2026-04-21 11:36:59,278 | uvicorn.error | INFO | .venv\Lib\site-packages\uvicorn\lifespan\on.py:48 | Waiting for application startup.
2026-04-21 11:36:59,281 | uvicorn.error | INFO | .venv\Lib\site-packages\uvicorn\lifespan\on.py:62 | Application startup complete.
2026-04-21 11:37:00,810 | uvicorn.error | INFO | .venv\Lib\site-packages\uvicorn\server.py:272 | Shutting down
2026-04-21 11:37:00,919 | uvicorn.error | INFO | .venv\Lib\site-packages\uvicorn\lifespan\on.py:67 | Waiting for application shutdown.
2026-04-21 11:37:00,921 | uvicorn.error | INFO | .venv\Lib\site-packages\uvicorn\lifespan\on.py:76 | Application shutdown complete.
2026-04-21 11:37:00,923 | uvicorn.error | INFO | .venv\Lib\site-packages\uvicorn\server.py:102 | Finished server process [47772]
2026-04-21 11:37:06,440 | app | INFO | app\core\bootstrap.py:10 | -----------------Bootstrapping FastAPI-----------------
2026-04-21 11:37:06,523 | uvicorn.error | INFO | .venv\Lib\site-packages\uvicorn\server.py:92 | Started server process [41496]
2026-04-21 11:37:06,523 | uvicorn.error | INFO | .venv\Lib\site-packages\uvicorn\lifespan\on.py:48 | Waiting for application startup.
2026-04-21 11:37:06,525 | uvicorn.error | INFO | .venv\Lib\site-packages\uvicorn\lifespan\on.py:62 | Application startup complete.
2026-04-21 11:37:08,345 | uvicorn.error | INFO | .venv\Lib\site-packages\uvicorn\server.py:272 | Shutting down
2026-04-21 11:37:08,449 | uvicorn.error | INFO | .venv\Lib\site-packages\uvicorn\lifespan\on.py:67 | Waiting for application shutdown.
2026-04-21 11:37:08,451 | uvicorn.error | INFO | .venv\Lib\site-packages\uvicorn\lifespan\on.py:76 | Application shutdown complete.
2026-04-21 11:37:08,452 | uvicorn.error | INFO | .venv\Lib\site-packages\uvicorn\server.py:102 | Finished server process [41496]
2026-04-21 11:37:14,382 | app | INFO | app\core\bootstrap.py:10 | -----------------Bootstrapping FastAPI-----------------
2026-04-21 11:37:14,469 | uvicorn.error | INFO | .venv\Lib\site-packages\uvicorn\server.py:92 | Started server process [26804]
2026-04-21 11:37:14,469 | uvicorn.error | INFO | .venv\Lib\site-packages\uvicorn\lifespan\on.py:48 | Waiting for application startup.
2026-04-21 11:37:14,469 | uvicorn.error | INFO | .venv\Lib\site-packages\uvicorn\lifespan\on.py:62 | Application startup complete.
2026-04-21 11:37:14,469 | uvicorn.error | INFO | .venv\Lib\site-packages\uvicorn\server.py:272 | Shutting down
2026-04-21 11:37:14,575 | uvicorn.error | INFO | .venv\Lib\site-packages\uvicorn\lifespan\on.py:67 | Waiting for application shutdown.
2026-04-21 11:37:14,577 | uvicorn.error | INFO | .venv\Lib\site-packages\uvicorn\lifespan\on.py:76 | Application shutdown complete.
2026-04-21 11:37:14,578 | uvicorn.error | INFO | .venv\Lib\site-packages\uvicorn\server.py:102 | Finished server process [26804]
2026-04-21 11:37:19,871 | app | INFO | app\core\bootstrap.py:10 | -----------------Bootstrapping FastAPI-----------------
2026-04-21 11:37:19,991 | uvicorn.error | INFO | .venv\Lib\site-packages\uvicorn\server.py:92 | Started server process [54152]
2026-04-21 11:37:19,993 | uvicorn.error | INFO | .venv\Lib\site-packages\uvicorn\lifespan\on.py:48 | Waiting for application startup.
2026-04-21 11:37:19,993 | uvicorn.error | INFO | .venv\Lib\site-packages\uvicorn\lifespan\on.py:62 | Application startup complete.
2026-04-21 11:37:22,026 | uvicorn.error | INFO | .venv\Lib\site-packages\uvicorn\server.py:272 | Shutting down
2026-04-21 11:37:22,135 | uvicorn.error | INFO | .venv\Lib\site-packages\uvicorn\lifespan\on.py:67 | Waiting for application shutdown.
2026-04-21 11:37:22,136 | uvicorn.error | INFO | .venv\Lib\site-packages\uvicorn\lifespan\on.py:76 | Application shutdown complete.
2026-04-21 11:37:22,137 | uvicorn.error | INFO | .venv\Lib\site-packages\uvicorn\server.py:102 | Finished server process [54152]
2026-04-21 11:37:27,789 | app | INFO | app\core\bootstrap.py:10 | -----------------Bootstrapping FastAPI-----------------
2026-04-21 11:37:27,902 | uvicorn.error | INFO | .venv\Lib\site-packages\uvicorn\server.py:92 | Started server process [54844]
2026-04-21 11:37:27,902 | uvicorn.error | INFO | .venv\Lib\site-packages\uvicorn\lifespan\on.py:48 | Waiting for application startup.
2026-04-21 11:37:27,903 | uvicorn.error | INFO | .venv\Lib\site-packages\uvicorn\lifespan\on.py:62 | Application startup complete.
2026-04-21 11:37:27,905 | uvicorn.error | INFO | .venv\Lib\site-packages\uvicorn\server.py:272 | Shutting down
2026-04-21 11:37:28,011 | uvicorn.error | INFO | .venv\Lib\site-packages\uvicorn\lifespan\on.py:67 | Waiting for application shutdown.
2026-04-21 11:37:28,011 | uvicorn.error | INFO | .venv\Lib\site-packages\uvicorn\lifespan\on.py:76 | Application shutdown complete.
2026-04-21 11:37:28,012 | uvicorn.error | INFO | .venv\Lib\site-packages\uvicorn\server.py:102 | Finished server process [54844]
2026-04-21 11:37:33,790 | app | INFO | app\core\bootstrap.py:10 | -----------------Bootstrapping FastAPI-----------------
2026-04-21 11:37:33,895 | uvicorn.error | INFO | .venv\Lib\site-packages\uvicorn\server.py:92 | Started server process [3284]
2026-04-21 11:37:33,896 | uvicorn.error | INFO | .venv\Lib\site-packages\uvicorn\lifespan\on.py:48 | Waiting for application startup.
2026-04-21 11:37:33,900 | uvicorn.error | INFO | .venv\Lib\site-packages\uvicorn\lifespan\on.py:62 | Application startup complete.
2026-04-21 11:37:47,121 | uvicorn.error | INFO | .venv\Lib\site-packages\uvicorn\server.py:272 | Shutting down
2026-04-21 11:37:47,234 | uvicorn.error | INFO | .venv\Lib\site-packages\uvicorn\lifespan\on.py:67 | Waiting for application shutdown.
2026-04-21 11:37:47,238 | uvicorn.error | INFO | .venv\Lib\site-packages\uvicorn\lifespan\on.py:76 | Application shutdown complete.
2026-04-21 11:37:47,238 | uvicorn.error | INFO | .venv\Lib\site-packages\uvicorn\server.py:102 | Finished server process [3284]
2026-04-21 11:37:52,855 | app | INFO | app\core\bootstrap.py:10 | -----------------Bootstrapping FastAPI-----------------
2026-04-21 11:37:52,943 | uvicorn.error | INFO | .venv\Lib\site-packages\uvicorn\server.py:92 | Started server process [54928]
2026-04-21 11:37:52,944 | uvicorn.error | INFO | .venv\Lib\site-packages\uvicorn\lifespan\on.py:48 | Waiting for application startup.
2026-04-21 11:37:52,946 | uvicorn.error | INFO | .venv\Lib\site-packages\uvicorn\lifespan\on.py:62 | Application startup complete.
2026-04-21 11:37:52,946 | uvicorn.error | INFO | .venv\Lib\site-packages\uvicorn\server.py:272 | Shutting down
2026-04-21 11:37:53,051 | uvicorn.error | INFO | .venv\Lib\site-packages\uvicorn\lifespan\on.py:67 | Waiting for application shutdown.
2026-04-21 11:37:53,052 | uvicorn.error | INFO | .venv\Lib\site-packages\uvicorn\lifespan\on.py:76 | Application shutdown complete.
2026-04-21 11:37:53,053 | uvicorn.error | INFO | .venv\Lib\site-packages\uvicorn\server.py:102 | Finished server process [54928]
2026-04-21 11:37:58,472 | app | INFO | app\core\bootstrap.py:10 | -----------------Bootstrapping FastAPI-----------------
2026-04-21 11:37:58,562 | uvicorn.error | INFO | .venv\Lib\site-packages\uvicorn\server.py:92 | Started server process [19636]
2026-04-21 11:37:58,563 | uvicorn.error | INFO | .venv\Lib\site-packages\uvicorn\lifespan\on.py:48 | Waiting for application startup.
2026-04-21 11:37:58,564 | uvicorn.error | INFO | .venv\Lib\site-packages\uvicorn\lifespan\on.py:62 | Application startup complete.
2026-04-21 11:37:58,564 | uvicorn.error | INFO | .venv\Lib\site-packages\uvicorn\server.py:272 | Shutting down
2026-04-21 11:37:58,678 | uvicorn.error | INFO | .venv\Lib\site-packages\uvicorn\lifespan\on.py:67 | Waiting for application shutdown.
2026-04-21 11:37:58,679 | uvicorn.error | INFO | .venv\Lib\site-packages\uvicorn\lifespan\on.py:76 | Application shutdown complete.
2026-04-21 11:37:58,679 | uvicorn.error | INFO | .venv\Lib\site-packages\uvicorn\server.py:102 | Finished server process [19636]
2026-04-21 11:38:03,853 | app | INFO | app\core\bootstrap.py:10 | -----------------Bootstrapping FastAPI-----------------
2026-04-21 11:38:03,938 | uvicorn.error | INFO | .venv\Lib\site-packages\uvicorn\server.py:92 | Started server process [34632]
2026-04-21 11:38:03,940 | uvicorn.error | INFO | .venv\Lib\site-packages\uvicorn\lifespan\on.py:48 | Waiting for application startup.
2026-04-21 11:38:03,942 | uvicorn.error | INFO | .venv\Lib\site-packages\uvicorn\lifespan\on.py:62 | Application startup complete.
2026-04-21 11:38:03,942 | uvicorn.error | INFO | .venv\Lib\site-packages\uvicorn\server.py:272 | Shutting down
2026-04-21 11:38:04,048 | uvicorn.error | INFO | .venv\Lib\site-packages\uvicorn\lifespan\on.py:67 | Waiting for application shutdown.
2026-04-21 11:38:04,049 | uvicorn.error | INFO | .venv\Lib\site-packages\uvicorn\lifespan\on.py:76 | Application shutdown complete.
2026-04-21 11:38:04,049 | uvicorn.error | INFO | .venv\Lib\site-packages\uvicorn\server.py:102 | Finished server process [34632]
2026-04-21 11:38:09,952 | app | INFO | app\core\bootstrap.py:10 | -----------------Bootstrapping FastAPI-----------------
2026-04-21 11:38:10,068 | uvicorn.error | INFO | .venv\Lib\site-packages\uvicorn\server.py:92 | Started server process [27480]
2026-04-21 11:38:10,068 | uvicorn.error | INFO | .venv\Lib\site-packages\uvicorn\lifespan\on.py:48 | Waiting for application startup.
2026-04-21 11:38:10,070 | uvicorn.error | INFO | .venv\Lib\site-packages\uvicorn\lifespan\on.py:62 | Application startup complete.
2026-04-21 11:38:49,651 | uvicorn.error | INFO | .venv\Lib\site-packages\uvicorn\server.py:272 | Shutting down
2026-04-21 11:38:49,762 | uvicorn.error | INFO | .venv\Lib\site-packages\uvicorn\lifespan\on.py:67 | Waiting for application shutdown.
2026-04-21 11:38:49,763 | uvicorn.error | INFO | .venv\Lib\site-packages\uvicorn\lifespan\on.py:76 | Application shutdown complete.
2026-04-21 11:38:49,763 | uvicorn.error | INFO | .venv\Lib\site-packages\uvicorn\server.py:102 | Finished server process [27480]
2026-04-21 11:38:55,324 | app | INFO | app\core\bootstrap.py:10 | -----------------Bootstrapping FastAPI-----------------
2026-04-21 11:38:55,416 | uvicorn.error | INFO | .venv\Lib\site-packages\uvicorn\server.py:92 | Started server process [42464]
2026-04-21 11:38:55,418 | uvicorn.error | INFO | .venv\Lib\site-packages\uvicorn\lifespan\on.py:48 | Waiting for application startup.
2026-04-21 11:38:55,419 | uvicorn.error | INFO | .venv\Lib\site-packages\uvicorn\lifespan\on.py:62 | Application startup complete.
2026-04-21 11:38:55,419 | uvicorn.error | INFO | .venv\Lib\site-packages\uvicorn\server.py:272 | Shutting down
2026-04-21 11:38:55,535 | uvicorn.error | INFO | .venv\Lib\site-packages\uvicorn\lifespan\on.py:67 | Waiting for application shutdown.
2026-04-21 11:38:55,536 | uvicorn.error | INFO | .venv\Lib\site-packages\uvicorn\lifespan\on.py:76 | Application shutdown complete.
2026-04-21 11:38:55,536 | uvicorn.error | INFO | .venv\Lib\site-packages\uvicorn\server.py:102 | Finished server process [42464]
2026-04-21 11:39:01,330 | app | INFO | app\core\bootstrap.py:10 | -----------------Bootstrapping FastAPI-----------------
2026-04-21 11:39:01,415 | uvicorn.error | INFO | .venv\Lib\site-packages\uvicorn\server.py:92 | Started server process [20512]
2026-04-21 11:39:01,415 | uvicorn.error | INFO | .venv\Lib\site-packages\uvicorn\lifespan\on.py:48 | Waiting for application startup.
2026-04-21 11:39:01,417 | uvicorn.error | INFO | .venv\Lib\site-packages\uvicorn\lifespan\on.py:62 | Application startup complete.
2026-04-21 11:39:01,418 | uvicorn.error | INFO | .venv\Lib\site-packages\uvicorn\server.py:272 | Shutting down
2026-04-21 11:39:01,524 | uvicorn.error | INFO | .venv\Lib\site-packages\uvicorn\lifespan\on.py:67 | Waiting for application shutdown.
2026-04-21 11:39:01,525 | uvicorn.error | INFO | .venv\Lib\site-packages\uvicorn\lifespan\on.py:76 | Application shutdown complete.
2026-04-21 11:39:01,525 | uvicorn.error | INFO | .venv\Lib\site-packages\uvicorn\server.py:102 | Finished server process [20512]
2026-04-21 11:39:06,727 | app | INFO | app\core\bootstrap.py:10 | -----------------Bootstrapping FastAPI-----------------
2026-04-21 11:39:06,792 | uvicorn.error | INFO | .venv\Lib\site-packages\uvicorn\server.py:92 | Started server process [39076]
2026-04-21 11:39:06,794 | uvicorn.error | INFO | .venv\Lib\site-packages\uvicorn\lifespan\on.py:48 | Waiting for application startup.
2026-04-21 11:39:06,794 | uvicorn.error | INFO | .venv\Lib\site-packages\uvicorn\lifespan\on.py:62 | Application startup complete.
2026-04-21 11:39:10,151 | uvicorn.error | INFO | .venv\Lib\site-packages\uvicorn\server.py:272 | Shutting down
2026-04-21 11:39:10,259 | uvicorn.error | INFO | .venv\Lib\site-packages\uvicorn\lifespan\on.py:67 | Waiting for application shutdown.
2026-04-21 11:39:10,262 | uvicorn.error | INFO | .venv\Lib\site-packages\uvicorn\lifespan\on.py:76 | Application shutdown complete.
2026-04-21 11:39:10,263 | uvicorn.error | INFO | .venv\Lib\site-packages\uvicorn\server.py:102 | Finished server process [39076]
2026-04-21 11:39:15,845 | app | INFO | app\core\bootstrap.py:10 | -----------------Bootstrapping FastAPI-----------------
2026-04-21 11:39:15,920 | uvicorn.error | INFO | .venv\Lib\site-packages\uvicorn\server.py:92 | Started server process [36516]
2026-04-21 11:39:15,921 | uvicorn.error | INFO | .venv\Lib\site-packages\uvicorn\lifespan\on.py:48 | Waiting for application startup.
2026-04-21 11:39:15,922 | uvicorn.error | INFO | .venv\Lib\site-packages\uvicorn\lifespan\on.py:62 | Application startup complete.
2026-04-21 11:39:23,769 | uvicorn.error | INFO | .venv\Lib\site-packages\uvicorn\server.py:272 | Shutting down
2026-04-21 11:39:23,881 | uvicorn.error | INFO | .venv\Lib\site-packages\uvicorn\lifespan\on.py:67 | Waiting for application shutdown.
2026-04-21 11:39:23,882 | uvicorn.error | INFO | .venv\Lib\site-packages\uvicorn\lifespan\on.py:76 | Application shutdown complete.
2026-04-21 11:39:23,882 | uvicorn.error | INFO | .venv\Lib\site-packages\uvicorn\server.py:102 | Finished server process [36516]
2026-04-21 11:39:29,062 | app | INFO | app\core\bootstrap.py:10 | -----------------Bootstrapping FastAPI-----------------
2026-04-21 11:39:29,187 | uvicorn.error | INFO | .venv\Lib\site-packages\uvicorn\server.py:92 | Started server process [6948]
2026-04-21 11:39:29,189 | uvicorn.error | INFO | .venv\Lib\site-packages\uvicorn\lifespan\on.py:48 | Waiting for application startup.
2026-04-21 11:39:29,191 | uvicorn.error | INFO | .venv\Lib\site-packages\uvicorn\lifespan\on.py:62 | Application startup complete.
2026-04-21 11:39:31,120 | uvicorn.error | INFO | .venv\Lib\site-packages\uvicorn\server.py:272 | Shutting down
2026-04-21 11:39:31,232 | uvicorn.error | INFO | .venv\Lib\site-packages\uvicorn\lifespan\on.py:67 | Waiting for application shutdown.
2026-04-21 11:39:31,233 | uvicorn.error | INFO | .venv\Lib\site-packages\uvicorn\lifespan\on.py:76 | Application shutdown complete.
2026-04-21 11:39:31,234 | uvicorn.error | INFO | .venv\Lib\site-packages\uvicorn\server.py:102 | Finished server process [6948]
2026-04-21 11:39:36,668 | app | INFO | app\core\bootstrap.py:10 | -----------------Bootstrapping FastAPI-----------------
2026-04-21 11:39:36,742 | uvicorn.error | INFO | .venv\Lib\site-packages\uvicorn\server.py:92 | Started server process [46680]
2026-04-21 11:39:36,743 | uvicorn.error | INFO | .venv\Lib\site-packages\uvicorn\lifespan\on.py:48 | Waiting for application startup.
2026-04-21 11:39:36,744 | uvicorn.error | INFO | .venv\Lib\site-packages\uvicorn\lifespan\on.py:62 | Application startup complete.
2026-04-21 11:39:36,744 | uvicorn.error | INFO | .venv\Lib\site-packages\uvicorn\server.py:272 | Shutting down
2026-04-21 11:39:36,850 | uvicorn.error | INFO | .venv\Lib\site-packages\uvicorn\lifespan\on.py:67 | Waiting for application shutdown.
2026-04-21 11:39:36,851 | uvicorn.error | INFO | .venv\Lib\site-packages\uvicorn\lifespan\on.py:76 | Application shutdown complete.
2026-04-21 11:39:36,852 | uvicorn.error | INFO | .venv\Lib\site-packages\uvicorn\server.py:102 | Finished server process [46680]
2026-04-21 11:39:42,171 | app | INFO | app\core\bootstrap.py:10 | -----------------Bootstrapping FastAPI-----------------
2026-04-21 11:39:42,251 | uvicorn.error | INFO | .venv\Lib\site-packages\uvicorn\server.py:92 | Started server process [43968]
2026-04-21 11:39:42,252 | uvicorn.error | INFO | .venv\Lib\site-packages\uvicorn\lifespan\on.py:48 | Waiting for application startup.
2026-04-21 11:39:42,253 | uvicorn.error | INFO | .venv\Lib\site-packages\uvicorn\lifespan\on.py:62 | Application startup complete.
2026-04-21 11:39:42,254 | uvicorn.error | INFO | .venv\Lib\site-packages\uvicorn\server.py:272 | Shutting down
2026-04-21 11:39:42,355 | uvicorn.error | INFO | .venv\Lib\site-packages\uvicorn\lifespan\on.py:67 | Waiting for application shutdown.
2026-04-21 11:39:42,356 | uvicorn.error | INFO | .venv\Lib\site-packages\uvicorn\lifespan\on.py:76 | Application shutdown complete.
2026-04-21 11:39:42,357 | uvicorn.error | INFO | .venv\Lib\site-packages\uvicorn\server.py:102 | Finished server process [43968]
2026-04-21 11:39:47,473 | app | INFO | app\core\bootstrap.py:10 | -----------------Bootstrapping FastAPI-----------------
2026-04-21 11:39:47,555 | uvicorn.error | INFO | .venv\Lib\site-packages\uvicorn\server.py:92 | Started server process [35908]
2026-04-21 11:39:47,556 | uvicorn.error | INFO | .venv\Lib\site-packages\uvicorn\lifespan\on.py:48 | Waiting for application startup.
2026-04-21 11:39:47,557 | uvicorn.error | INFO | .venv\Lib\site-packages\uvicorn\lifespan\on.py:62 | Application startup complete.
2026-04-21 11:39:47,557 | uvicorn.error | INFO | .venv\Lib\site-packages\uvicorn\server.py:272 | Shutting down
2026-04-21 11:39:47,673 | uvicorn.error | INFO | .venv\Lib\site-packages\uvicorn\lifespan\on.py:67 | Waiting for application shutdown.
2026-04-21 11:39:47,674 | uvicorn.error | INFO | .venv\Lib\site-packages\uvicorn\lifespan\on.py:76 | Application shutdown complete.
2026-04-21 11:39:47,674 | uvicorn.error | INFO | .venv\Lib\site-packages\uvicorn\server.py:102 | Finished server process [35908]
2026-04-21 11:39:52,601 | app | INFO | app\core\bootstrap.py:10 | -----------------Bootstrapping FastAPI-----------------
2026-04-21 11:39:52,699 | uvicorn.error | INFO | .venv\Lib\site-packages\uvicorn\server.py:92 | Started server process [27624]
2026-04-21 11:39:52,699 | uvicorn.error | INFO | .venv\Lib\site-packages\uvicorn\lifespan\on.py:48 | Waiting for application startup.
2026-04-21 11:39:52,699 | uvicorn.error | INFO | .venv\Lib\site-packages\uvicorn\lifespan\on.py:62 | Application startup complete.
2026-04-21 11:39:52,701 | uvicorn.error | INFO | .venv\Lib\site-packages\uvicorn\server.py:272 | Shutting down
2026-04-21 11:39:52,805 | uvicorn.error | INFO | .venv\Lib\site-packages\uvicorn\lifespan\on.py:67 | Waiting for application shutdown.
2026-04-21 11:39:52,805 | uvicorn.error | INFO | .venv\Lib\site-packages\uvicorn\lifespan\on.py:76 | Application shutdown complete.
2026-04-21 11:39:52,805 | uvicorn.error | INFO | .venv\Lib\site-packages\uvicorn\server.py:102 | Finished server process [27624]
2026-04-21 11:39:57,892 | app | INFO | app\core\bootstrap.py:10 | -----------------Bootstrapping FastAPI-----------------
2026-04-21 11:39:57,981 | uvicorn.error | INFO | .venv\Lib\site-packages\uvicorn\server.py:92 | Started server process [54616]
2026-04-21 11:39:57,981 | uvicorn.error | INFO | .venv\Lib\site-packages\uvicorn\lifespan\on.py:48 | Waiting for application startup.
2026-04-21 11:39:57,983 | uvicorn.error | INFO | .venv\Lib\site-packages\uvicorn\lifespan\on.py:62 | Application startup complete.
2026-04-21 11:40:00,200 | uvicorn.error | INFO | .venv\Lib\site-packages\uvicorn\server.py:272 | Shutting down
2026-04-21 11:40:00,307 | uvicorn.error | INFO | .venv\Lib\site-packages\uvicorn\lifespan\on.py:67 | Waiting for application shutdown.
2026-04-21 11:40:00,308 | uvicorn.error | INFO | .venv\Lib\site-packages\uvicorn\lifespan\on.py:76 | Application shutdown complete.
2026-04-21 11:40:00,308 | uvicorn.error | INFO | .venv\Lib\site-packages\uvicorn\server.py:102 | Finished server process [54616]
2026-04-21 11:40:06,365 | app | INFO | app\core\bootstrap.py:10 | -----------------Bootstrapping FastAPI-----------------
2026-04-21 11:40:06,463 | uvicorn.error | INFO | .venv\Lib\site-packages\uvicorn\server.py:92 | Started server process [31636]
2026-04-21 11:40:06,465 | uvicorn.error | INFO | .venv\Lib\site-packages\uvicorn\lifespan\on.py:48 | Waiting for application startup.
2026-04-21 11:40:06,465 | uvicorn.error | INFO | .venv\Lib\site-packages\uvicorn\lifespan\on.py:62 | Application startup complete.
2026-04-21 11:40:06,467 | uvicorn.error | INFO | .venv\Lib\site-packages\uvicorn\server.py:272 | Shutting down
2026-04-21 11:40:06,572 | uvicorn.error | INFO | .venv\Lib\site-packages\uvicorn\lifespan\on.py:67 | Waiting for application shutdown.
2026-04-21 11:40:06,574 | uvicorn.error | INFO | .venv\Lib\site-packages\uvicorn\lifespan\on.py:76 | Application shutdown complete.
2026-04-21 11:40:06,574 | uvicorn.error | INFO | .venv\Lib\site-packages\uvicorn\server.py:102 | Finished server process [31636]
2026-04-21 11:40:11,595 | app | INFO | app\core\bootstrap.py:10 | -----------------Bootstrapping FastAPI-----------------
2026-04-21 11:40:11,684 | uvicorn.error | INFO | .venv\Lib\site-packages\uvicorn\server.py:92 | Started server process [7884]
2026-04-21 11:40:11,684 | uvicorn.error | INFO | .venv\Lib\site-packages\uvicorn\lifespan\on.py:48 | Waiting for application startup.
2026-04-21 11:40:11,684 | uvicorn.error | INFO | .venv\Lib\site-packages\uvicorn\lifespan\on.py:62 | Application startup complete.
2026-04-21 11:40:13,304 | uvicorn.error | INFO | .venv\Lib\site-packages\uvicorn\server.py:272 | Shutting down
2026-04-21 11:40:13,408 | uvicorn.error | INFO | .venv\Lib\site-packages\uvicorn\lifespan\on.py:67 | Waiting for application shutdown.
2026-04-21 11:40:13,411 | uvicorn.error | INFO | .venv\Lib\site-packages\uvicorn\lifespan\on.py:76 | Application shutdown complete.
2026-04-21 11:40:13,411 | uvicorn.error | INFO | .venv\Lib\site-packages\uvicorn\server.py:102 | Finished server process [7884]
2026-04-21 11:40:19,247 | app | INFO | app\core\bootstrap.py:10 | -----------------Bootstrapping FastAPI-----------------
2026-04-21 11:40:19,331 | uvicorn.error | INFO | .venv\Lib\site-packages\uvicorn\server.py:92 | Started server process [50168]
2026-04-21 11:40:19,332 | uvicorn.error | INFO | .venv\Lib\site-packages\uvicorn\lifespan\on.py:48 | Waiting for application startup.
2026-04-21 11:40:19,334 | uvicorn.error | INFO | .venv\Lib\site-packages\uvicorn\lifespan\on.py:62 | Application startup complete.
2026-04-21 11:40:22,671 | uvicorn.error | INFO | .venv\Lib\site-packages\uvicorn\server.py:272 | Shutting down
2026-04-21 11:40:22,785 | uvicorn.error | INFO | .venv\Lib\site-packages\uvicorn\lifespan\on.py:67 | Waiting for application shutdown.
2026-04-21 11:40:22,785 | uvicorn.error | INFO | .venv\Lib\site-packages\uvicorn\lifespan\on.py:76 | Application shutdown complete.
2026-04-21 11:40:22,787 | uvicorn.error | INFO | .venv\Lib\site-packages\uvicorn\server.py:102 | Finished server process [50168]
2026-04-21 11:40:28,251 | app | INFO | app\core\bootstrap.py:10 | -----------------Bootstrapping FastAPI-----------------
2026-04-21 11:40:28,339 | uvicorn.error | INFO | .venv\Lib\site-packages\uvicorn\server.py:92 | Started server process [52276]
2026-04-21 11:40:28,339 | uvicorn.error | INFO | .venv\Lib\site-packages\uvicorn\lifespan\on.py:48 | Waiting for application startup.
2026-04-21 11:40:28,339 | uvicorn.error | INFO | .venv\Lib\site-packages\uvicorn\lifespan\on.py:62 | Application startup complete.
2026-04-21 11:40:32,290 | uvicorn.error | INFO | .venv\Lib\site-packages\uvicorn\server.py:272 | Shutting down
2026-04-21 11:40:32,404 | uvicorn.error | INFO | .venv\Lib\site-packages\uvicorn\lifespan\on.py:67 | Waiting for application shutdown.
2026-04-21 11:40:32,406 | uvicorn.error | INFO | .venv\Lib\site-packages\uvicorn\lifespan\on.py:76 | Application shutdown complete.
2026-04-21 11:40:32,406 | uvicorn.error | INFO | .venv\Lib\site-packages\uvicorn\server.py:102 | Finished server process [52276]
2026-04-21 11:40:38,692 | app | INFO | app\core\bootstrap.py:10 | -----------------Bootstrapping FastAPI-----------------
2026-04-21 11:40:38,779 | uvicorn.error | INFO | .venv\Lib\site-packages\uvicorn\server.py:92 | Started server process [46376]
2026-04-21 11:40:38,780 | uvicorn.error | INFO | .venv\Lib\site-packages\uvicorn\lifespan\on.py:48 | Waiting for application startup.
2026-04-21 11:40:38,781 | uvicorn.error | INFO | .venv\Lib\site-packages\uvicorn\lifespan\on.py:62 | Application startup complete.
2026-04-21 11:40:38,782 | uvicorn.error | INFO | .venv\Lib\site-packages\uvicorn\server.py:272 | Shutting down
2026-04-21 11:40:38,884 | uvicorn.error | INFO | .venv\Lib\site-packages\uvicorn\lifespan\on.py:67 | Waiting for application shutdown.
2026-04-21 11:40:38,884 | uvicorn.error | INFO | .venv\Lib\site-packages\uvicorn\lifespan\on.py:76 | Application shutdown complete.
2026-04-21 11:40:38,884 | uvicorn.error | INFO | .venv\Lib\site-packages\uvicorn\server.py:102 | Finished server process [46376]
2026-04-21 11:40:44,354 | app | INFO | app\core\bootstrap.py:10 | -----------------Bootstrapping FastAPI-----------------
2026-04-21 11:40:44,444 | uvicorn.error | INFO | .venv\Lib\site-packages\uvicorn\server.py:92 | Started server process [40404]
2026-04-21 11:40:44,446 | uvicorn.error | INFO | .venv\Lib\site-packages\uvicorn\lifespan\on.py:48 | Waiting for application startup.
2026-04-21 11:40:44,448 | uvicorn.error | INFO | .venv\Lib\site-packages\uvicorn\lifespan\on.py:62 | Application startup complete.
2026-04-21 11:40:44,450 | uvicorn.error | INFO | .venv\Lib\site-packages\uvicorn\server.py:272 | Shutting down
2026-04-21 11:40:44,563 | uvicorn.error | INFO | .venv\Lib\site-packages\uvicorn\lifespan\on.py:67 | Waiting for application shutdown.
2026-04-21 11:40:44,565 | uvicorn.error | INFO | .venv\Lib\site-packages\uvicorn\lifespan\on.py:76 | Application shutdown complete.
2026-04-21 11:40:44,566 | uvicorn.error | INFO | .venv\Lib\site-packages\uvicorn\server.py:102 | Finished server process [40404]
2026-04-21 11:40:50,422 | app | INFO | app\core\bootstrap.py:10 | -----------------Bootstrapping FastAPI-----------------
2026-04-21 11:40:50,507 | uvicorn.error | INFO | .venv\Lib\site-packages\uvicorn\server.py:92 | Started server process [52536]
2026-04-21 11:40:50,507 | uvicorn.error | INFO | .venv\Lib\site-packages\uvicorn\lifespan\on.py:48 | Waiting for application startup.
2026-04-21 11:40:50,507 | uvicorn.error | INFO | .venv\Lib\site-packages\uvicorn\lifespan\on.py:62 | Application startup complete.
2026-04-21 11:40:55,961 | uvicorn.error | INFO | .venv\Lib\site-packages\uvicorn\server.py:272 | Shutting down
2026-04-21 11:40:56,074 | uvicorn.error | INFO | .venv\Lib\site-packages\uvicorn\lifespan\on.py:67 | Waiting for application shutdown.
2026-04-21 11:40:56,075 | uvicorn.error | INFO | .venv\Lib\site-packages\uvicorn\lifespan\on.py:76 | Application shutdown complete.
2026-04-21 11:40:56,075 | uvicorn.error | INFO | .venv\Lib\site-packages\uvicorn\server.py:102 | Finished server process [52536]
2026-04-21 11:41:01,652 | app | INFO | app\core\bootstrap.py:10 | -----------------Bootstrapping FastAPI-----------------
2026-04-21 11:41:01,732 | uvicorn.error | INFO | .venv\Lib\site-packages\uvicorn\server.py:92 | Started server process [45156]
2026-04-21 11:41:01,732 | uvicorn.error | INFO | .venv\Lib\site-packages\uvicorn\lifespan\on.py:48 | Waiting for application startup.
2026-04-21 11:41:01,733 | uvicorn.error | INFO | .venv\Lib\site-packages\uvicorn\lifespan\on.py:62 | Application startup complete.
2026-04-21 11:41:25,576 | uvicorn.error | INFO | .venv\Lib\site-packages\uvicorn\server.py:272 | Shutting down
2026-04-21 11:41:25,684 | uvicorn.error | INFO | .venv\Lib\site-packages\uvicorn\lifespan\on.py:67 | Waiting for application shutdown.
2026-04-21 11:41:25,685 | uvicorn.error | INFO | .venv\Lib\site-packages\uvicorn\lifespan\on.py:76 | Application shutdown complete.
2026-04-21 11:41:25,686 | uvicorn.error | INFO | .venv\Lib\site-packages\uvicorn\server.py:102 | Finished server process [45156]
2026-04-21 11:41:30,855 | app | INFO | app\core\bootstrap.py:10 | -----------------Bootstrapping FastAPI-----------------
2026-04-21 11:41:30,945 | uvicorn.error | INFO | .venv\Lib\site-packages\uvicorn\server.py:92 | Started server process [46304]
2026-04-21 11:41:30,946 | uvicorn.error | INFO | .venv\Lib\site-packages\uvicorn\lifespan\on.py:48 | Waiting for application startup.
2026-04-21 11:41:30,947 | uvicorn.error | INFO | .venv\Lib\site-packages\uvicorn\lifespan\on.py:62 | Application startup complete.
2026-04-21 11:41:37,877 | uvicorn.error | INFO | .venv\Lib\site-packages\uvicorn\server.py:272 | Shutting down
2026-04-21 11:41:37,990 | uvicorn.error | INFO | .venv\Lib\site-packages\uvicorn\lifespan\on.py:67 | Waiting for application shutdown.
2026-04-21 11:41:37,990 | uvicorn.error | INFO | .venv\Lib\site-packages\uvicorn\lifespan\on.py:76 | Application shutdown complete.
2026-04-21 11:41:37,990 | uvicorn.error | INFO | .venv\Lib\site-packages\uvicorn\server.py:102 | Finished server process [46304]
2026-04-21 11:41:43,636 | app | INFO | app\core\bootstrap.py:10 | -----------------Bootstrapping FastAPI-----------------
2026-04-21 11:41:43,763 | uvicorn.error | INFO | .venv\Lib\site-packages\uvicorn\server.py:92 | Started server process [44960]
2026-04-21 11:41:43,764 | uvicorn.error | INFO | .venv\Lib\site-packages\uvicorn\lifespan\on.py:48 | Waiting for application startup.
2026-04-21 11:41:43,766 | uvicorn.error | INFO | .venv\Lib\site-packages\uvicorn\lifespan\on.py:62 | Application startup complete.
2026-04-21 11:41:45,170 | uvicorn.error | INFO | .venv\Lib\site-packages\uvicorn\server.py:272 | Shutting down
2026-04-21 11:41:45,278 | uvicorn.error | INFO | .venv\Lib\site-packages\uvicorn\lifespan\on.py:67 | Waiting for application shutdown.
2026-04-21 11:41:45,278 | uvicorn.error | INFO | .venv\Lib\site-packages\uvicorn\lifespan\on.py:76 | Application shutdown complete.
2026-04-21 11:41:45,278 | uvicorn.error | INFO | .venv\Lib\site-packages\uvicorn\server.py:102 | Finished server process [44960]
2026-04-21 11:41:50,873 | app | INFO | app\core\bootstrap.py:10 | -----------------Bootstrapping FastAPI-----------------
2026-04-21 11:41:51,011 | uvicorn.error | INFO | .venv\Lib\site-packages\uvicorn\server.py:92 | Started server process [20284]
2026-04-21 11:41:51,013 | uvicorn.error | INFO | .venv\Lib\site-packages\uvicorn\lifespan\on.py:48 | Waiting for application startup.
2026-04-21 11:41:51,014 | uvicorn.error | INFO | .venv\Lib\site-packages\uvicorn\lifespan\on.py:62 | Application startup complete.
2026-04-21 11:41:52,428 | uvicorn.error | INFO | .venv\Lib\site-packages\uvicorn\server.py:272 | Shutting down
2026-04-21 11:41:52,540 | uvicorn.error | INFO | .venv\Lib\site-packages\uvicorn\lifespan\on.py:67 | Waiting for application shutdown.
2026-04-21 11:41:52,541 | uvicorn.error | INFO | .venv\Lib\site-packages\uvicorn\lifespan\on.py:76 | Application shutdown complete.
2026-04-21 11:41:52,541 | uvicorn.error | INFO | .venv\Lib\site-packages\uvicorn\server.py:102 | Finished server process [20284]
2026-04-21 11:41:58,187 | app | INFO | app\core\bootstrap.py:10 | -----------------Bootstrapping FastAPI-----------------
2026-04-21 11:41:58,281 | uvicorn.error | INFO | .venv\Lib\site-packages\uvicorn\server.py:92 | Started server process [15384]
2026-04-21 11:41:58,283 | uvicorn.error | INFO | .venv\Lib\site-packages\uvicorn\lifespan\on.py:48 | Waiting for application startup.
2026-04-21 11:41:58,283 | uvicorn.error | INFO | .venv\Lib\site-packages\uvicorn\lifespan\on.py:62 | Application startup complete.
2026-04-21 11:41:58,283 | uvicorn.error | INFO | .venv\Lib\site-packages\uvicorn\server.py:272 | Shutting down
2026-04-21 11:41:58,394 | uvicorn.error | INFO | .venv\Lib\site-packages\uvicorn\lifespan\on.py:67 | Waiting for application shutdown.
2026-04-21 11:41:58,394 | uvicorn.error | INFO | .venv\Lib\site-packages\uvicorn\lifespan\on.py:76 | Application shutdown complete.
2026-04-21 11:41:58,395 | uvicorn.error | INFO | .venv\Lib\site-packages\uvicorn\server.py:102 | Finished server process [15384]
2026-04-21 11:42:03,671 | app | INFO | app\core\bootstrap.py:10 | -----------------Bootstrapping FastAPI-----------------
2026-04-21 11:42:03,743 | uvicorn.error | INFO | .venv\Lib\site-packages\uvicorn\server.py:92 | Started server process [53596]
2026-04-21 11:42:03,744 | uvicorn.error | INFO | .venv\Lib\site-packages\uvicorn\lifespan\on.py:48 | Waiting for application startup.
2026-04-21 11:42:03,744 | uvicorn.error | INFO | .venv\Lib\site-packages\uvicorn\lifespan\on.py:62 | Application startup complete.
2026-04-21 11:42:03,744 | uvicorn.error | INFO | .venv\Lib\site-packages\uvicorn\server.py:272 | Shutting down
2026-04-21 11:42:03,853 | uvicorn.error | INFO | .venv\Lib\site-packages\uvicorn\lifespan\on.py:67 | Waiting for application shutdown.
2026-04-21 11:42:03,854 | uvicorn.error | INFO | .venv\Lib\site-packages\uvicorn\lifespan\on.py:76 | Application shutdown complete.
2026-04-21 11:42:03,855 | uvicorn.error | INFO | .venv\Lib\site-packages\uvicorn\server.py:102 | Finished server process [53596]
2026-04-21 11:42:09,127 | app | INFO | app\core\bootstrap.py:10 | -----------------Bootstrapping FastAPI-----------------
2026-04-21 11:42:09,208 | uvicorn.error | INFO | .venv\Lib\site-packages\uvicorn\server.py:92 | Started server process [11824]
2026-04-21 11:42:09,208 | uvicorn.error | INFO | .venv\Lib\site-packages\uvicorn\lifespan\on.py:48 | Waiting for application startup.
2026-04-21 11:42:09,213 | uvicorn.error | INFO | .venv\Lib\site-packages\uvicorn\lifespan\on.py:62 | Application startup complete.
2026-04-21 11:42:10,588 | uvicorn.error | INFO | .venv\Lib\site-packages\uvicorn\server.py:272 | Shutting down
2026-04-21 11:42:10,699 | uvicorn.error | INFO | .venv\Lib\site-packages\uvicorn\lifespan\on.py:67 | Waiting for application shutdown.
2026-04-21 11:42:10,700 | uvicorn.error | INFO | .venv\Lib\site-packages\uvicorn\lifespan\on.py:76 | Application shutdown complete.
2026-04-21 11:42:10,700 | uvicorn.error | INFO | .venv\Lib\site-packages\uvicorn\server.py:102 | Finished server process [11824]
2026-04-21 11:42:16,234 | app | INFO | app\core\bootstrap.py:10 | -----------------Bootstrapping FastAPI-----------------
2026-04-21 11:42:16,322 | uvicorn.error | INFO | .venv\Lib\site-packages\uvicorn\server.py:92 | Started server process [47028]
2026-04-21 11:42:16,323 | uvicorn.error | INFO | .venv\Lib\site-packages\uvicorn\lifespan\on.py:48 | Waiting for application startup.
2026-04-21 11:42:16,325 | uvicorn.error | INFO | .venv\Lib\site-packages\uvicorn\lifespan\on.py:62 | Application startup complete.
2026-04-21 11:42:16,325 | uvicorn.error | INFO | .venv\Lib\site-packages\uvicorn\server.py:272 | Shutting down
2026-04-21 11:42:16,432 | uvicorn.error | INFO | .venv\Lib\site-packages\uvicorn\lifespan\on.py:67 | Waiting for application shutdown.
2026-04-21 11:42:16,433 | uvicorn.error | INFO | .venv\Lib\site-packages\uvicorn\lifespan\on.py:76 | Application shutdown complete.
2026-04-21 11:42:16,434 | uvicorn.error | INFO | .venv\Lib\site-packages\uvicorn\server.py:102 | Finished server process [47028]
2026-04-21 11:42:21,776 | app | INFO | app\core\bootstrap.py:10 | -----------------Bootstrapping FastAPI-----------------
2026-04-21 11:42:21,870 | uvicorn.error | INFO | .venv\Lib\site-packages\uvicorn\server.py:92 | Started server process [52672]
2026-04-21 11:42:21,870 | uvicorn.error | INFO | .venv\Lib\site-packages\uvicorn\lifespan\on.py:48 | Waiting for application startup.
2026-04-21 11:42:21,873 | uvicorn.error | INFO | .venv\Lib\site-packages\uvicorn\lifespan\on.py:62 | Application startup complete.
2026-04-21 11:42:21,873 | uvicorn.error | INFO | .venv\Lib\site-packages\uvicorn\server.py:272 | Shutting down
2026-04-21 11:42:21,985 | uvicorn.error | INFO | .venv\Lib\site-packages\uvicorn\lifespan\on.py:67 | Waiting for application shutdown.
2026-04-21 11:42:21,986 | uvicorn.error | INFO | .venv\Lib\site-packages\uvicorn\lifespan\on.py:76 | Application shutdown complete.
2026-04-21 11:42:21,987 | uvicorn.error | INFO | .venv\Lib\site-packages\uvicorn\server.py:102 | Finished server process [52672]
2026-04-21 11:42:27,657 | app | INFO | app\core\bootstrap.py:10 | -----------------Bootstrapping FastAPI-----------------
2026-04-21 11:42:27,735 | uvicorn.error | INFO | .venv\Lib\site-packages\uvicorn\server.py:92 | Started server process [47928]
2026-04-21 11:42:27,735 | uvicorn.error | INFO | .venv\Lib\site-packages\uvicorn\lifespan\on.py:48 | Waiting for application startup.
2026-04-21 11:42:27,737 | uvicorn.error | INFO | .venv\Lib\site-packages\uvicorn\lifespan\on.py:62 | Application startup complete.
2026-04-21 11:42:27,738 | uvicorn.error | INFO | .venv\Lib\site-packages\uvicorn\server.py:272 | Shutting down
2026-04-21 11:42:27,850 | uvicorn.error | INFO | .venv\Lib\site-packages\uvicorn\lifespan\on.py:67 | Waiting for application shutdown.
2026-04-21 11:42:27,852 | uvicorn.error | INFO | .venv\Lib\site-packages\uvicorn\lifespan\on.py:76 | Application shutdown complete.
2026-04-21 11:42:27,853 | uvicorn.error | INFO | .venv\Lib\site-packages\uvicorn\server.py:102 | Finished server process [47928]
2026-04-21 11:42:33,003 | app | INFO | app\core\bootstrap.py:10 | -----------------Bootstrapping FastAPI-----------------
2026-04-21 11:42:33,093 | uvicorn.error | INFO | .venv\Lib\site-packages\uvicorn\server.py:92 | Started server process [44720]
2026-04-21 11:42:33,093 | uvicorn.error | INFO | .venv\Lib\site-packages\uvicorn\lifespan\on.py:48 | Waiting for application startup.
2026-04-21 11:42:33,097 | uvicorn.error | INFO | .venv\Lib\site-packages\uvicorn\lifespan\on.py:62 | Application startup complete.
2026-04-21 11:42:35,333 | uvicorn.error | INFO | .venv\Lib\site-packages\uvicorn\server.py:272 | Shutting down
2026-04-21 11:42:35,444 | uvicorn.error | INFO | .venv\Lib\site-packages\uvicorn\lifespan\on.py:67 | Waiting for application shutdown.
2026-04-21 11:42:35,445 | uvicorn.error | INFO | .venv\Lib\site-packages\uvicorn\lifespan\on.py:76 | Application shutdown complete.
2026-04-21 11:42:35,448 | uvicorn.error | INFO | .venv\Lib\site-packages\uvicorn\server.py:102 | Finished server process [44720]
2026-04-21 11:42:41,376 | app | INFO | app\core\bootstrap.py:10 | -----------------Bootstrapping FastAPI-----------------
2026-04-21 11:42:41,490 | uvicorn.error | INFO | .venv\Lib\site-packages\uvicorn\server.py:92 | Started server process [44060]
2026-04-21 11:42:41,492 | uvicorn.error | INFO | .venv\Lib\site-packages\uvicorn\lifespan\on.py:48 | Waiting for application startup.
2026-04-21 11:42:41,492 | uvicorn.error | INFO | .venv\Lib\site-packages\uvicorn\lifespan\on.py:62 | Application startup complete.
2026-04-21 11:42:52,303 | uvicorn.error | INFO | .venv\Lib\site-packages\uvicorn\server.py:272 | Shutting down
2026-04-21 11:42:52,410 | uvicorn.error | INFO | .venv\Lib\site-packages\uvicorn\lifespan\on.py:67 | Waiting for application shutdown.
2026-04-21 11:42:52,411 | uvicorn.error | INFO | .venv\Lib\site-packages\uvicorn\lifespan\on.py:76 | Application shutdown complete.
2026-04-21 11:42:52,412 | uvicorn.error | INFO | .venv\Lib\site-packages\uvicorn\server.py:102 | Finished server process [44060]
2026-04-21 11:42:57,760 | app | INFO | app\core\bootstrap.py:10 | -----------------Bootstrapping FastAPI-----------------
2026-04-21 11:42:57,854 | uvicorn.error | INFO | .venv\Lib\site-packages\uvicorn\server.py:92 | Started server process [52596]
2026-04-21 11:42:57,854 | uvicorn.error | INFO | .venv\Lib\site-packages\uvicorn\lifespan\on.py:48 | Waiting for application startup.
2026-04-21 11:42:57,858 | uvicorn.error | INFO | .venv\Lib\site-packages\uvicorn\lifespan\on.py:62 | Application startup complete.
2026-04-21 11:42:59,696 | uvicorn.error | INFO | .venv\Lib\site-packages\uvicorn\server.py:272 | Shutting down
2026-04-21 11:42:59,804 | uvicorn.error | INFO | .venv\Lib\site-packages\uvicorn\lifespan\on.py:67 | Waiting for application shutdown.
2026-04-21 11:42:59,805 | uvicorn.error | INFO | .venv\Lib\site-packages\uvicorn\lifespan\on.py:76 | Application shutdown complete.
2026-04-21 11:42:59,806 | uvicorn.error | INFO | .venv\Lib\site-packages\uvicorn\server.py:102 | Finished server process [52596]
2026-04-21 11:43:05,843 | app | INFO | app\core\bootstrap.py:10 | -----------------Bootstrapping FastAPI-----------------
2026-04-21 11:43:05,981 | uvicorn.error | INFO | .venv\Lib\site-packages\uvicorn\server.py:92 | Started server process [33044]
2026-04-21 11:43:05,981 | uvicorn.error | INFO | .venv\Lib\site-packages\uvicorn\lifespan\on.py:48 | Waiting for application startup.
2026-04-21 11:43:05,981 | uvicorn.error | INFO | .venv\Lib\site-packages\uvicorn\lifespan\on.py:62 | Application startup complete.
2026-04-21 11:44:25,718 | uvicorn.error | INFO | .venv\Lib\site-packages\uvicorn\server.py:272 | Shutting down
2026-04-21 11:44:25,824 | uvicorn.error | INFO | .venv\Lib\site-packages\uvicorn\lifespan\on.py:67 | Waiting for application shutdown.
2026-04-21 11:44:25,825 | uvicorn.error | INFO | .venv\Lib\site-packages\uvicorn\lifespan\on.py:76 | Application shutdown complete.
2026-04-21 11:44:25,826 | uvicorn.error | INFO | .venv\Lib\site-packages\uvicorn\server.py:102 | Finished server process [33044]
2026-04-21 11:44:31,258 | app | INFO | app\core\bootstrap.py:10 | -----------------Bootstrapping FastAPI-----------------
2026-04-21 11:44:31,345 | uvicorn.error | INFO | .venv\Lib\site-packages\uvicorn\server.py:92 | Started server process [26344]
2026-04-21 11:44:31,345 | uvicorn.error | INFO | .venv\Lib\site-packages\uvicorn\lifespan\on.py:48 | Waiting for application startup.
2026-04-21 11:44:31,347 | uvicorn.error | INFO | .venv\Lib\site-packages\uvicorn\lifespan\on.py:62 | Application startup complete.
2026-04-21 11:44:33,268 | uvicorn.error | INFO | .venv\Lib\site-packages\uvicorn\server.py:272 | Shutting down
2026-04-21 11:44:33,374 | uvicorn.error | INFO | .venv\Lib\site-packages\uvicorn\lifespan\on.py:67 | Waiting for application shutdown.
2026-04-21 11:44:33,379 | uvicorn.error | INFO | .venv\Lib\site-packages\uvicorn\lifespan\on.py:76 | Application shutdown complete.
2026-04-21 11:44:33,381 | uvicorn.error | INFO | .venv\Lib\site-packages\uvicorn\server.py:102 | Finished server process [26344]
2026-04-21 11:44:39,195 | app | INFO | app\core\bootstrap.py:10 | -----------------Bootstrapping FastAPI-----------------
2026-04-21 11:44:39,354 | uvicorn.error | INFO | .venv\Lib\site-packages\uvicorn\server.py:92 | Started server process [35196]
2026-04-21 11:44:39,356 | uvicorn.error | INFO | .venv\Lib\site-packages\uvicorn\lifespan\on.py:48 | Waiting for application startup.
2026-04-21 11:44:39,357 | uvicorn.error | INFO | .venv\Lib\site-packages\uvicorn\lifespan\on.py:62 | Application startup complete.
2026-04-21 11:44:44,656 | uvicorn.error | INFO | .venv\Lib\site-packages\uvicorn\server.py:272 | Shutting down
2026-04-21 11:44:44,767 | uvicorn.error | INFO | .venv\Lib\site-packages\uvicorn\lifespan\on.py:67 | Waiting for application shutdown.
2026-04-21 11:44:44,769 | uvicorn.error | INFO | .venv\Lib\site-packages\uvicorn\lifespan\on.py:76 | Application shutdown complete.
2026-04-21 11:44:44,769 | uvicorn.error | INFO | .venv\Lib\site-packages\uvicorn\server.py:102 | Finished server process [35196]
2026-04-21 11:44:50,491 | app | INFO | app\core\bootstrap.py:10 | -----------------Bootstrapping FastAPI-----------------
2026-04-21 11:44:50,603 | uvicorn.error | INFO | .venv\Lib\site-packages\uvicorn\server.py:92 | Started server process [31636]
2026-04-21 11:44:50,604 | uvicorn.error | INFO | .venv\Lib\site-packages\uvicorn\lifespan\on.py:48 | Waiting for application startup.
2026-04-21 11:44:50,606 | uvicorn.error | INFO | .venv\Lib\site-packages\uvicorn\lifespan\on.py:62 | Application startup complete.
2026-04-21 11:44:50,607 | uvicorn.error | INFO | .venv\Lib\site-packages\uvicorn\server.py:272 | Shutting down
2026-04-21 11:44:50,721 | uvicorn.error | INFO | .venv\Lib\site-packages\uvicorn\lifespan\on.py:67 | Waiting for application shutdown.
2026-04-21 11:44:50,723 | uvicorn.error | INFO | .venv\Lib\site-packages\uvicorn\lifespan\on.py:76 | Application shutdown complete.
2026-04-21 11:44:50,723 | uvicorn.error | INFO | .venv\Lib\site-packages\uvicorn\server.py:102 | Finished server process [31636]
2026-04-21 11:44:56,339 | app | INFO | app\core\bootstrap.py:10 | -----------------Bootstrapping FastAPI-----------------
2026-04-21 11:44:56,455 | uvicorn.error | INFO | .venv\Lib\site-packages\uvicorn\server.py:92 | Started server process [26100]
2026-04-21 11:44:56,456 | uvicorn.error | INFO | .venv\Lib\site-packages\uvicorn\lifespan\on.py:48 | Waiting for application startup.
2026-04-21 11:44:56,456 | uvicorn.error | INFO | .venv\Lib\site-packages\uvicorn\lifespan\on.py:62 | Application startup complete.
2026-04-21 11:48:37,602 | uvicorn.error | INFO | .venv\Lib\site-packages\uvicorn\server.py:272 | Shutting down
2026-04-21 11:48:37,706 | uvicorn.error | INFO | .venv\Lib\site-packages\uvicorn\lifespan\on.py:67 | Waiting for application shutdown.
2026-04-21 11:48:37,708 | uvicorn.error | INFO | .venv\Lib\site-packages\uvicorn\lifespan\on.py:76 | Application shutdown complete.
2026-04-21 11:48:37,709 | uvicorn.error | INFO | .venv\Lib\site-packages\uvicorn\server.py:102 | Finished server process [26100]
2026-04-21 11:48:43,820 | app | INFO | app\core\bootstrap.py:10 | -----------------Bootstrapping FastAPI-----------------
2026-04-21 11:48:43,925 | uvicorn.error | INFO | .venv\Lib\site-packages\uvicorn\server.py:92 | Started server process [6868]
2026-04-21 11:48:43,926 | uvicorn.error | INFO | .venv\Lib\site-packages\uvicorn\lifespan\on.py:48 | Waiting for application startup.
2026-04-21 11:48:43,928 | uvicorn.error | INFO | .venv\Lib\site-packages\uvicorn\lifespan\on.py:62 | Application startup complete.
2026-04-21 11:48:55,095 | uvicorn.error | INFO | .venv\Lib\site-packages\uvicorn\server.py:272 | Shutting down
2026-04-21 11:48:55,199 | uvicorn.error | INFO | .venv\Lib\site-packages\uvicorn\lifespan\on.py:67 | Waiting for application shutdown.
2026-04-21 11:48:55,200 | uvicorn.error | INFO | .venv\Lib\site-packages\uvicorn\lifespan\on.py:76 | Application shutdown complete.
2026-04-21 11:48:55,202 | uvicorn.error | INFO | .venv\Lib\site-packages\uvicorn\server.py:102 | Finished server process [6868]
2026-04-21 11:49:00,586 | app | INFO | app\core\bootstrap.py:10 | -----------------Bootstrapping FastAPI-----------------
2026-04-21 11:49:00,674 | uvicorn.error | INFO | .venv\Lib\site-packages\uvicorn\server.py:92 | Started server process [44728]
2026-04-21 11:49:00,676 | uvicorn.error | INFO | .venv\Lib\site-packages\uvicorn\lifespan\on.py:48 | Waiting for application startup.
2026-04-21 11:49:00,677 | uvicorn.error | INFO | .venv\Lib\site-packages\uvicorn\lifespan\on.py:62 | Application startup complete.
2026-04-21 11:49:04,230 | uvicorn.error | INFO | .venv\Lib\site-packages\uvicorn\server.py:272 | Shutting down
2026-04-21 11:49:04,333 | uvicorn.error | INFO | .venv\Lib\site-packages\uvicorn\lifespan\on.py:67 | Waiting for application shutdown.
2026-04-21 11:49:04,334 | uvicorn.error | INFO | .venv\Lib\site-packages\uvicorn\lifespan\on.py:76 | Application shutdown complete.
2026-04-21 11:49:04,334 | uvicorn.error | INFO | .venv\Lib\site-packages\uvicorn\server.py:102 | Finished server process [44728]
2026-04-21 11:49:09,854 | app | INFO | app\core\bootstrap.py:10 | -----------------Bootstrapping FastAPI-----------------
2026-04-21 11:49:09,950 | uvicorn.error | INFO | .venv\Lib\site-packages\uvicorn\server.py:92 | Started server process [54240]
2026-04-21 11:49:09,950 | uvicorn.error | INFO | .venv\Lib\site-packages\uvicorn\lifespan\on.py:48 | Waiting for application startup.
2026-04-21 11:49:09,955 | uvicorn.error | INFO | .venv\Lib\site-packages\uvicorn\lifespan\on.py:62 | Application startup complete.
2026-04-21 11:49:14,354 | uvicorn.error | INFO | .venv\Lib\site-packages\uvicorn\server.py:272 | Shutting down
2026-04-21 11:49:14,469 | uvicorn.error | INFO | .venv\Lib\site-packages\uvicorn\lifespan\on.py:67 | Waiting for application shutdown.
2026-04-21 11:49:14,469 | uvicorn.error | INFO | .venv\Lib\site-packages\uvicorn\lifespan\on.py:76 | Application shutdown complete.
2026-04-21 11:49:14,469 | uvicorn.error | INFO | .venv\Lib\site-packages\uvicorn\server.py:102 | Finished server process [54240]
2026-04-21 11:49:19,763 | app | INFO | app\core\bootstrap.py:10 | -----------------Bootstrapping FastAPI-----------------
2026-04-21 11:49:19,865 | uvicorn.error | INFO | .venv\Lib\site-packages\uvicorn\server.py:92 | Started server process [36436]
2026-04-21 11:49:19,865 | uvicorn.error | INFO | .venv\Lib\site-packages\uvicorn\lifespan\on.py:48 | Waiting for application startup.
2026-04-21 11:49:19,868 | uvicorn.error | INFO | .venv\Lib\site-packages\uvicorn\lifespan\on.py:62 | Application startup complete.
2026-04-21 11:49:21,666 | uvicorn.error | INFO | .venv\Lib\site-packages\uvicorn\server.py:272 | Shutting down
2026-04-21 11:49:21,772 | uvicorn.error | INFO | .venv\Lib\site-packages\uvicorn\lifespan\on.py:67 | Waiting for application shutdown.
2026-04-21 11:49:21,772 | uvicorn.error | INFO | .venv\Lib\site-packages\uvicorn\lifespan\on.py:76 | Application shutdown complete.
2026-04-21 11:49:21,772 | uvicorn.error | INFO | .venv\Lib\site-packages\uvicorn\server.py:102 | Finished server process [36436]
2026-04-21 11:49:27,955 | app | INFO | app\core\bootstrap.py:10 | -----------------Bootstrapping FastAPI-----------------
2026-04-21 11:49:28,077 | uvicorn.error | INFO | .venv\Lib\site-packages\uvicorn\server.py:92 | Started server process [9608]
2026-04-21 11:49:28,077 | uvicorn.error | INFO | .venv\Lib\site-packages\uvicorn\lifespan\on.py:48 | Waiting for application startup.
2026-04-21 11:49:28,078 | uvicorn.error | INFO | .venv\Lib\site-packages\uvicorn\lifespan\on.py:62 | Application startup complete.
2026-04-21 11:49:44,360 | uvicorn.error | INFO | .venv\Lib\site-packages\uvicorn\server.py:272 | Shutting down
2026-04-21 11:49:44,467 | uvicorn.error | INFO | .venv\Lib\site-packages\uvicorn\lifespan\on.py:67 | Waiting for application shutdown.
2026-04-21 11:49:44,467 | uvicorn.error | INFO | .venv\Lib\site-packages\uvicorn\lifespan\on.py:76 | Application shutdown complete.
2026-04-21 11:49:44,467 | uvicorn.error | INFO | .venv\Lib\site-packages\uvicorn\server.py:102 | Finished server process [9608]
2026-04-21 11:49:49,933 | app | INFO | app\core\bootstrap.py:10 | -----------------Bootstrapping FastAPI-----------------
2026-04-21 11:49:50,015 | uvicorn.error | INFO | .venv\Lib\site-packages\uvicorn\server.py:92 | Started server process [37476]
2026-04-21 11:49:50,015 | uvicorn.error | INFO | .venv\Lib\site-packages\uvicorn\lifespan\on.py:48 | Waiting for application startup.
2026-04-21 11:49:50,015 | uvicorn.error | INFO | .venv\Lib\site-packages\uvicorn\lifespan\on.py:62 | Application startup complete.
2026-04-21 11:49:54,395 | uvicorn.error | INFO | .venv\Lib\site-packages\uvicorn\server.py:272 | Shutting down
2026-04-21 11:49:54,507 | uvicorn.error | INFO | .venv\Lib\site-packages\uvicorn\lifespan\on.py:67 | Waiting for application shutdown.
2026-04-21 11:49:54,509 | uvicorn.error | INFO | .venv\Lib\site-packages\uvicorn\lifespan\on.py:76 | Application shutdown complete.
2026-04-21 11:49:54,509 | uvicorn.error | INFO | .venv\Lib\site-packages\uvicorn\server.py:102 | Finished server process [37476]
2026-04-21 11:50:00,436 | app | INFO | app\core\bootstrap.py:10 | -----------------Bootstrapping FastAPI-----------------
2026-04-21 11:50:00,558 | uvicorn.error | INFO | .venv\Lib\site-packages\uvicorn\server.py:92 | Started server process [52232]
2026-04-21 11:50:00,559 | uvicorn.error | INFO | .venv\Lib\site-packages\uvicorn\lifespan\on.py:48 | Waiting for application startup.
2026-04-21 11:50:00,560 | uvicorn.error | INFO | .venv\Lib\site-packages\uvicorn\lifespan\on.py:62 | Application startup complete.
2026-04-21 11:51:36,516 | uvicorn.error | INFO | .venv\Lib\site-packages\uvicorn\server.py:272 | Shutting down
2026-04-21 11:51:36,622 | uvicorn.error | INFO | .venv\Lib\site-packages\uvicorn\lifespan\on.py:67 | Waiting for application shutdown.
2026-04-21 11:51:36,622 | uvicorn.error | INFO | .venv\Lib\site-packages\uvicorn\lifespan\on.py:76 | Application shutdown complete.
2026-04-21 11:51:36,625 | uvicorn.error | INFO | .venv\Lib\site-packages\uvicorn\server.py:102 | Finished server process [52232]
2026-04-21 11:51:41,716 | app | INFO | app\core\bootstrap.py:11 | -----------------Bootstrapping FastAPI-----------------
2026-04-21 11:51:41,801 | uvicorn.error | INFO | .venv\Lib\site-packages\uvicorn\server.py:92 | Started server process [43776]
2026-04-21 11:51:41,801 | uvicorn.error | INFO | .venv\Lib\site-packages\uvicorn\lifespan\on.py:48 | Waiting for application startup.
2026-04-21 11:51:41,806 | uvicorn.error | INFO | .venv\Lib\site-packages\uvicorn\lifespan\on.py:62 | Application startup complete.
2026-04-21 11:51:42,987 | uvicorn.error | INFO | .venv\Lib\site-packages\uvicorn\server.py:272 | Shutting down
2026-04-21 11:51:43,101 | uvicorn.error | INFO | .venv\Lib\site-packages\uvicorn\lifespan\on.py:67 | Waiting for application shutdown.
2026-04-21 11:51:43,103 | uvicorn.error | INFO | .venv\Lib\site-packages\uvicorn\lifespan\on.py:76 | Application shutdown complete.
2026-04-21 11:51:43,104 | uvicorn.error | INFO | .venv\Lib\site-packages\uvicorn\server.py:102 | Finished server process [43776]
2026-04-21 11:51:57,894 | app | INFO | app\core\bootstrap.py:12 | -----------------Bootstrapping FastAPI-----------------
2026-04-21 11:51:57,997 | uvicorn.error | INFO | .venv\Lib\site-packages\uvicorn\server.py:92 | Started server process [23784]
2026-04-21 11:51:58,002 | uvicorn.error | INFO | .venv\Lib\site-packages\uvicorn\lifespan\on.py:48 | Waiting for application startup.
2026-04-21 11:51:58,002 | uvicorn.error | INFO | .venv\Lib\site-packages\uvicorn\lifespan\on.py:62 | Application startup complete.
2026-04-21 11:52:03,140 | uvicorn.error | INFO | .venv\Lib\site-packages\uvicorn\server.py:272 | Shutting down
2026-04-21 11:52:03,246 | uvicorn.error | INFO | .venv\Lib\site-packages\uvicorn\lifespan\on.py:67 | Waiting for application shutdown.
2026-04-21 11:52:03,247 | uvicorn.error | INFO | .venv\Lib\site-packages\uvicorn\lifespan\on.py:76 | Application shutdown complete.
2026-04-21 11:52:03,247 | uvicorn.error | INFO | .venv\Lib\site-packages\uvicorn\server.py:102 | Finished server process [23784]
2026-04-21 11:52:15,395 | app | INFO | app\core\bootstrap.py:12 | -----------------Bootstrapping FastAPI-----------------
2026-04-21 11:52:15,515 | uvicorn.error | INFO | .venv\Lib\site-packages\uvicorn\server.py:92 | Started server process [55068]
2026-04-21 11:52:15,516 | uvicorn.error | INFO | .venv\Lib\site-packages\uvicorn\lifespan\on.py:48 | Waiting for application startup.
2026-04-21 11:52:15,518 | uvicorn.error | INFO | .venv\Lib\site-packages\uvicorn\lifespan\on.py:62 | Application startup complete.
2026-04-21 11:52:52,778 | uvicorn.error | INFO | .venv\Lib\site-packages\uvicorn\server.py:272 | Shutting down
2026-04-21 11:52:52,881 | uvicorn.error | INFO | .venv\Lib\site-packages\uvicorn\lifespan\on.py:67 | Waiting for application shutdown.
2026-04-21 11:52:52,883 | uvicorn.error | INFO | .venv\Lib\site-packages\uvicorn\lifespan\on.py:76 | Application shutdown complete.
2026-04-21 11:52:52,883 | uvicorn.error | INFO | .venv\Lib\site-packages\uvicorn\server.py:102 | Finished server process [55068]
2026-04-21 11:53:37,007 | app | INFO | app\core\bootstrap.py:12 | -----------------Bootstrapping FastAPI-----------------
2026-04-21 11:53:37,141 | uvicorn.error | INFO | .venv\Lib\site-packages\uvicorn\server.py:92 | Started server process [26552]
2026-04-21 11:53:37,141 | uvicorn.error | INFO | .venv\Lib\site-packages\uvicorn\lifespan\on.py:48 | Waiting for application startup.
2026-04-21 11:53:37,148 | uvicorn.error | INFO | .venv\Lib\site-packages\uvicorn\lifespan\on.py:62 | Application startup complete.
2026-04-21 11:54:11,205 | app.core.middleware.request_logger | INFO | app\core\middleware\request_logger.py:15 | Request duration : 0.8368000271730125ms | Request URL : http://127.0.0.1:8000/docs | Request Method : GET | 
2026-04-21 11:54:11,206 | uvicorn.access | INFO | .venv\Lib\site-packages\uvicorn\protocols\http\h11_impl.py:482 | 127.0.0.1:58363 - "GET /docs HTTP/1.1" 200
2026-04-21 11:54:11,726 | app.core.middleware.request_logger | INFO | app\core\middleware\request_logger.py:15 | Request duration : 319.0239999676123ms | Request URL : http://127.0.0.1:8000/openapi.json | Request Method : GET | 
2026-04-21 11:54:11,729 | uvicorn.access | INFO | .venv\Lib\site-packages\uvicorn\protocols\http\h11_impl.py:482 | 127.0.0.1:58363 - "GET /openapi.json HTTP/1.1" 200
2026-04-21 11:54:16,973 | app.services.user_service | INFO | app\services\user_service.py:14 | Listing all active users
2026-04-21 11:54:17,555 | app.core.middleware.request_logger | INFO | app\core\middleware\request_logger.py:15 | Request duration : 613.352499960456ms | Request URL : http://127.0.0.1:8000/users/ | Request Method : GET | 
2026-04-21 11:54:17,555 | uvicorn.access | INFO | .venv\Lib\site-packages\uvicorn\protocols\http\h11_impl.py:482 | 127.0.0.1:53098 - "GET /users/ HTTP/1.1" 200
2026-04-21 11:58:24,240 | uvicorn.error | INFO | .venv\Lib\site-packages\uvicorn\server.py:272 | Shutting down
2026-04-21 11:58:24,342 | uvicorn.error | INFO | .venv\Lib\site-packages\uvicorn\lifespan\on.py:67 | Waiting for application shutdown.
2026-04-21 11:58:24,344 | uvicorn.error | INFO | .venv\Lib\site-packages\uvicorn\lifespan\on.py:76 | Application shutdown complete.
2026-04-21 11:58:24,344 | uvicorn.error | INFO | .venv\Lib\site-packages\uvicorn\server.py:102 | Finished server process [26552]
2026-04-21 11:58:30,216 | app | INFO | app\core\bootstrap.py:14 | -----------------Bootstrapping FastAPI-----------------
2026-04-21 11:58:30,304 | uvicorn.error | INFO | .venv\Lib\site-packages\uvicorn\server.py:92 | Started server process [34384]
2026-04-21 11:58:30,305 | uvicorn.error | INFO | .venv\Lib\site-packages\uvicorn\lifespan\on.py:48 | Waiting for application startup.
2026-04-21 11:58:30,307 | uvicorn.error | INFO | .venv\Lib\site-packages\uvicorn\lifespan\on.py:62 | Application startup complete.
2026-04-21 11:58:30,308 | uvicorn.error | INFO | .venv\Lib\site-packages\uvicorn\server.py:272 | Shutting down
2026-04-21 11:58:30,409 | uvicorn.error | INFO | .venv\Lib\site-packages\uvicorn\lifespan\on.py:67 | Waiting for application shutdown.
2026-04-21 11:58:30,411 | uvicorn.error | INFO | .venv\Lib\site-packages\uvicorn\lifespan\on.py:76 | Application shutdown complete.
2026-04-21 11:58:30,411 | uvicorn.error | INFO | .venv\Lib\site-packages\uvicorn\server.py:102 | Finished server process [34384]
2026-04-21 11:59:09,255 | app | INFO | app\core\bootstrap.py:16 | -----------------Bootstrapping FastAPI-----------------
2026-04-21 11:59:09,354 | uvicorn.error | INFO | .venv\Lib\site-packages\uvicorn\server.py:92 | Started server process [48400]
2026-04-21 11:59:09,354 | uvicorn.error | INFO | .venv\Lib\site-packages\uvicorn\lifespan\on.py:48 | Waiting for application startup.
2026-04-21 11:59:09,354 | uvicorn.error | INFO | .venv\Lib\site-packages\uvicorn\lifespan\on.py:62 | Application startup complete.
2026-04-21 11:59:10,300 | uvicorn.error | INFO | .venv\Lib\site-packages\uvicorn\server.py:272 | Shutting down
2026-04-21 11:59:10,402 | uvicorn.error | INFO | .venv\Lib\site-packages\uvicorn\lifespan\on.py:67 | Waiting for application shutdown.
2026-04-21 11:59:10,403 | uvicorn.error | INFO | .venv\Lib\site-packages\uvicorn\lifespan\on.py:76 | Application shutdown complete.
2026-04-21 11:59:10,403 | uvicorn.error | INFO | .venv\Lib\site-packages\uvicorn\server.py:102 | Finished server process [48400]
2026-04-21 11:59:15,897 | app | INFO | app\core\bootstrap.py:16 | -----------------Bootstrapping FastAPI-----------------
2026-04-21 11:59:16,016 | uvicorn.error | INFO | .venv\Lib\site-packages\uvicorn\server.py:92 | Started server process [47456]
2026-04-21 11:59:16,016 | uvicorn.error | INFO | .venv\Lib\site-packages\uvicorn\lifespan\on.py:48 | Waiting for application startup.
2026-04-21 11:59:16,022 | uvicorn.error | INFO | .venv\Lib\site-packages\uvicorn\lifespan\on.py:62 | Application startup complete.
2026-04-21 11:59:28,418 | uvicorn.error | INFO | .venv\Lib\site-packages\uvicorn\server.py:272 | Shutting down
2026-04-21 11:59:28,521 | uvicorn.error | INFO | .venv\Lib\site-packages\uvicorn\lifespan\on.py:67 | Waiting for application shutdown.
2026-04-21 11:59:28,522 | uvicorn.error | INFO | .venv\Lib\site-packages\uvicorn\lifespan\on.py:76 | Application shutdown complete.
2026-04-21 11:59:28,523 | uvicorn.error | INFO | .venv\Lib\site-packages\uvicorn\server.py:102 | Finished server process [47456]
2026-04-21 11:59:34,494 | app | INFO | app\core\bootstrap.py:16 | -----------------Bootstrapping FastAPI-----------------
2026-04-21 11:59:34,494 | uvicorn.error | INFO | .venv\Lib\site-packages\uvicorn\server.py:92 | Started server process [15076]
2026-04-21 11:59:34,494 | uvicorn.error | INFO | .venv\Lib\site-packages\uvicorn\lifespan\on.py:48 | Waiting for application startup.
2026-04-21 11:59:34,502 | uvicorn.error | INFO | .venv\Lib\site-packages\uvicorn\lifespan\on.py:62 | Application startup complete.
2026-04-21 11:59:35,554 | uvicorn.error | INFO | .venv\Lib\site-packages\uvicorn\server.py:272 | Shutting down
2026-04-21 11:59:35,661 | uvicorn.error | INFO | .venv\Lib\site-packages\uvicorn\lifespan\on.py:67 | Waiting for application shutdown.
2026-04-21 11:59:35,662 | uvicorn.error | INFO | .venv\Lib\site-packages\uvicorn\lifespan\on.py:76 | Application shutdown complete.
2026-04-21 11:59:35,662 | uvicorn.error | INFO | .venv\Lib\site-packages\uvicorn\server.py:102 | Finished server process [15076]
2026-04-21 11:59:56,797 | app | INFO | app\core\bootstrap.py:27 | -----------------Bootstrapping FastAPI-----------------
2026-04-21 11:59:56,797 | uvicorn.error | INFO | .venv\Lib\site-packages\uvicorn\server.py:92 | Started server process [36776]
2026-04-21 11:59:56,803 | uvicorn.error | INFO | .venv\Lib\site-packages\uvicorn\lifespan\on.py:48 | Waiting for application startup.
2026-04-21 11:59:56,804 | uvicorn.error | INFO | .venv\Lib\site-packages\uvicorn\lifespan\on.py:62 | Application startup complete.
2026-04-21 12:00:01,608 | uvicorn.error | INFO | .venv\Lib\site-packages\uvicorn\server.py:272 | Shutting down
2026-04-21 12:00:01,712 | uvicorn.error | INFO | .venv\Lib\site-packages\uvicorn\lifespan\on.py:67 | Waiting for application shutdown.
2026-04-21 12:00:01,713 | uvicorn.error | INFO | .venv\Lib\site-packages\uvicorn\lifespan\on.py:76 | Application shutdown complete.
2026-04-21 12:00:01,713 | uvicorn.error | INFO | .venv\Lib\site-packages\uvicorn\server.py:102 | Finished server process [36776]
2026-04-21 12:00:06,998 | app | INFO | app\core\bootstrap.py:27 | -----------------Bootstrapping FastAPI-----------------
2026-04-21 12:00:07,172 | uvicorn.error | INFO | .venv\Lib\site-packages\uvicorn\server.py:92 | Started server process [52708]
2026-04-21 12:00:07,172 | uvicorn.error | INFO | .venv\Lib\site-packages\uvicorn\lifespan\on.py:48 | Waiting for application startup.
2026-04-21 12:00:07,173 | uvicorn.error | INFO | .venv\Lib\site-packages\uvicorn\lifespan\on.py:62 | Application startup complete.
2026-04-21 12:00:07,173 | uvicorn.error | INFO | .venv\Lib\site-packages\uvicorn\server.py:272 | Shutting down
2026-04-21 12:00:07,289 | uvicorn.error | INFO | .venv\Lib\site-packages\uvicorn\lifespan\on.py:67 | Waiting for application shutdown.
2026-04-21 12:00:07,290 | uvicorn.error | INFO | .venv\Lib\site-packages\uvicorn\lifespan\on.py:76 | Application shutdown complete.
2026-04-21 12:00:07,290 | uvicorn.error | INFO | .venv\Lib\site-packages\uvicorn\server.py:102 | Finished server process [52708]
2026-04-21 12:00:13,867 | app | INFO | app\core\bootstrap.py:32 | -----------------Bootstrapping FastAPI-----------------
2026-04-21 12:00:13,869 | uvicorn.error | INFO | .venv\Lib\site-packages\uvicorn\server.py:92 | Started server process [38992]
2026-04-21 12:00:13,875 | uvicorn.error | INFO | .venv\Lib\site-packages\uvicorn\lifespan\on.py:48 | Waiting for application startup.
2026-04-21 12:00:13,877 | uvicorn.error | INFO | .venv\Lib\site-packages\uvicorn\lifespan\on.py:62 | Application startup complete.
2026-04-21 12:00:22,126 | uvicorn.error | INFO | .venv\Lib\site-packages\uvicorn\server.py:272 | Shutting down
2026-04-21 12:00:22,237 | uvicorn.error | INFO | .venv\Lib\site-packages\uvicorn\lifespan\on.py:67 | Waiting for application shutdown.
2026-04-21 12:00:22,240 | uvicorn.error | INFO | .venv\Lib\site-packages\uvicorn\lifespan\on.py:76 | Application shutdown complete.
2026-04-21 12:00:22,241 | uvicorn.error | INFO | .venv\Lib\site-packages\uvicorn\server.py:102 | Finished server process [38992]
2026-04-21 12:00:28,611 | app | INFO | app\core\bootstrap.py:32 | -----------------Bootstrapping FastAPI-----------------
2026-04-21 12:00:28,614 | uvicorn.error | INFO | .venv\Lib\site-packages\uvicorn\server.py:92 | Started server process [35852]
2026-04-21 12:00:28,615 | uvicorn.error | INFO | .venv\Lib\site-packages\uvicorn\lifespan\on.py:48 | Waiting for application startup.
2026-04-21 12:00:28,617 | uvicorn.error | INFO | .venv\Lib\site-packages\uvicorn\lifespan\on.py:62 | Application startup complete.
2026-04-21 12:00:28,620 | uvicorn.error | INFO | .venv\Lib\site-packages\uvicorn\server.py:272 | Shutting down
2026-04-21 12:00:28,740 | uvicorn.error | INFO | .venv\Lib\site-packages\uvicorn\lifespan\on.py:67 | Waiting for application shutdown.
2026-04-21 12:00:28,742 | uvicorn.error | INFO | .venv\Lib\site-packages\uvicorn\lifespan\on.py:76 | Application shutdown complete.
2026-04-21 12:00:28,742 | uvicorn.error | INFO | .venv\Lib\site-packages\uvicorn\server.py:102 | Finished server process [35852]
2026-04-21 12:00:34,587 | app | INFO | app\core\bootstrap.py:32 | -----------------Bootstrapping FastAPI-----------------
2026-04-21 12:00:34,592 | uvicorn.error | INFO | .venv\Lib\site-packages\uvicorn\server.py:92 | Started server process [31404]
2026-04-21 12:00:34,593 | uvicorn.error | INFO | .venv\Lib\site-packages\uvicorn\lifespan\on.py:48 | Waiting for application startup.
2026-04-21 12:00:34,594 | uvicorn.error | INFO | .venv\Lib\site-packages\uvicorn\lifespan\on.py:62 | Application startup complete.
2026-04-21 12:00:38,681 | uvicorn.error | INFO | .venv\Lib\site-packages\uvicorn\server.py:272 | Shutting down
2026-04-21 12:00:38,797 | uvicorn.error | INFO | .venv\Lib\site-packages\uvicorn\lifespan\on.py:67 | Waiting for application shutdown.
2026-04-21 12:00:38,801 | uvicorn.error | INFO | .venv\Lib\site-packages\uvicorn\lifespan\on.py:76 | Application shutdown complete.
2026-04-21 12:00:38,801 | uvicorn.error | INFO | .venv\Lib\site-packages\uvicorn\server.py:102 | Finished server process [31404]
2026-04-21 12:00:46,509 | app | INFO | app\core\bootstrap.py:31 | -----------------Bootstrapping FastAPI-----------------
2026-04-21 12:00:46,515 | uvicorn.error | INFO | .venv\Lib\site-packages\uvicorn\server.py:92 | Started server process [3980]
2026-04-21 12:00:46,518 | uvicorn.error | INFO | .venv\Lib\site-packages\uvicorn\lifespan\on.py:48 | Waiting for application startup.
2026-04-21 12:00:46,524 | uvicorn.error | INFO | .venv\Lib\site-packages\uvicorn\lifespan\on.py:62 | Application startup complete.
2026-04-21 12:02:51,283 | uvicorn.error | INFO | .venv\Lib\site-packages\uvicorn\server.py:272 | Shutting down
2026-04-21 12:02:51,390 | uvicorn.error | INFO | .venv\Lib\site-packages\uvicorn\lifespan\on.py:67 | Waiting for application shutdown.
2026-04-21 12:02:51,391 | uvicorn.error | INFO | .venv\Lib\site-packages\uvicorn\lifespan\on.py:76 | Application shutdown complete.
2026-04-21 12:02:51,391 | uvicorn.error | INFO | .venv\Lib\site-packages\uvicorn\server.py:102 | Finished server process [3980]
2026-04-21 12:02:57,492 | app | INFO | app\core\bootstrap.py:32 | -----------------Bootstrapping FastAPI-----------------
2026-04-21 12:02:57,495 | uvicorn.error | INFO | .venv\Lib\site-packages\uvicorn\server.py:92 | Started server process [23592]
2026-04-21 12:02:57,498 | uvicorn.error | INFO | .venv\Lib\site-packages\uvicorn\lifespan\on.py:48 | Waiting for application startup.
2026-04-21 12:02:57,500 | uvicorn.error | INFO | .venv\Lib\site-packages\uvicorn\lifespan\on.py:62 | Application startup complete.
2026-04-21 12:02:58,918 | uvicorn.error | INFO | .venv\Lib\site-packages\uvicorn\server.py:272 | Shutting down
2026-04-21 12:02:59,026 | uvicorn.error | INFO | .venv\Lib\site-packages\uvicorn\lifespan\on.py:67 | Waiting for application shutdown.
2026-04-21 12:02:59,026 | uvicorn.error | INFO | .venv\Lib\site-packages\uvicorn\lifespan\on.py:76 | Application shutdown complete.
2026-04-21 12:02:59,026 | uvicorn.error | INFO | .venv\Lib\site-packages\uvicorn\server.py:102 | Finished server process [23592]
2026-04-21 12:03:05,094 | app | INFO | app\core\bootstrap.py:32 | -----------------Bootstrapping FastAPI-----------------
2026-04-21 12:03:05,097 | uvicorn.error | INFO | .venv\Lib\site-packages\uvicorn\server.py:92 | Started server process [23084]
2026-04-21 12:03:05,097 | uvicorn.error | INFO | .venv\Lib\site-packages\uvicorn\lifespan\on.py:48 | Waiting for application startup.
2026-04-21 12:03:05,098 | uvicorn.error | INFO | .venv\Lib\site-packages\uvicorn\lifespan\on.py:62 | Application startup complete.
2026-04-21 12:03:06,648 | uvicorn.error | INFO | .venv\Lib\site-packages\uvicorn\server.py:272 | Shutting down
2026-04-21 12:03:06,759 | uvicorn.error | INFO | .venv\Lib\site-packages\uvicorn\lifespan\on.py:67 | Waiting for application shutdown.
2026-04-21 12:03:06,761 | uvicorn.error | INFO | .venv\Lib\site-packages\uvicorn\lifespan\on.py:76 | Application shutdown complete.
2026-04-21 12:03:06,761 | uvicorn.error | INFO | .venv\Lib\site-packages\uvicorn\server.py:102 | Finished server process [23084]
2026-04-21 12:03:33,746 | app | INFO | app\core\bootstrap.py:32 | -----------------Bootstrapping FastAPI-----------------
2026-04-21 12:03:33,749 | uvicorn.error | INFO | .venv\Lib\site-packages\uvicorn\server.py:92 | Started server process [18952]
2026-04-21 12:03:33,750 | uvicorn.error | INFO | .venv\Lib\site-packages\uvicorn\lifespan\on.py:48 | Waiting for application startup.
2026-04-21 12:03:33,750 | uvicorn.error | INFO | .venv\Lib\site-packages\uvicorn\lifespan\on.py:62 | Application startup complete.
2026-04-21 12:03:51,526 | app.core.middleware.request_logger | INFO | app\core\middleware\request_logger.py:15 | Request duration : 1.101000001654029ms | Request URL : http://127.0.0.1:8000/docs | Request Method : GET | 
2026-04-21 12:03:51,527 | uvicorn.access | INFO | .venv\Lib\site-packages\uvicorn\protocols\http\h11_impl.py:482 | 127.0.0.1:50128 - "GET /docs HTTP/1.1" 200
2026-04-21 12:03:52,122 | app.core.middleware.request_logger | INFO | app\core\middleware\request_logger.py:15 | Request duration : 338.7112999917008ms | Request URL : http://127.0.0.1:8000/openapi.json | Request Method : GET | 
2026-04-21 12:03:52,124 | uvicorn.access | INFO | .venv\Lib\site-packages\uvicorn\protocols\http\h11_impl.py:482 | 127.0.0.1:50128 - "GET /openapi.json HTTP/1.1" 200
2026-04-21 12:03:58,131 | app.services.user_service | INFO | app\services\user_service.py:14 | Listing all active users
2026-04-21 12:03:58,661 | app.core.middleware.request_logger | INFO | app\core\middleware\request_logger.py:15 | Request duration : 535.3556000045501ms | Request URL : http://127.0.0.1:8000/users/ | Request Method : GET | 
2026-04-21 12:03:58,662 | uvicorn.access | INFO | .venv\Lib\site-packages\uvicorn\protocols\http\h11_impl.py:482 | 127.0.0.1:63549 - "GET /users/ HTTP/1.1" 200
2026-04-21 12:24:20,045 | uvicorn.error | INFO | .venv\Lib\site-packages\uvicorn\server.py:272 | Shutting down
2026-04-21 12:24:20,154 | uvicorn.error | INFO | .venv\Lib\site-packages\uvicorn\lifespan\on.py:67 | Waiting for application shutdown.
2026-04-21 12:24:20,154 | uvicorn.error | INFO | .venv\Lib\site-packages\uvicorn\lifespan\on.py:76 | Application shutdown complete.
2026-04-21 12:24:20,154 | uvicorn.error | INFO | .venv\Lib\site-packages\uvicorn\server.py:102 | Finished server process [18952]
2026-04-21 12:24:26,192 | app | INFO | app\core\bootstrap.py:32 | -----------------Bootstrapping FastAPI-----------------
2026-04-21 12:24:26,195 | uvicorn.error | INFO | .venv\Lib\site-packages\uvicorn\server.py:92 | Started server process [2560]
2026-04-21 12:24:26,195 | uvicorn.error | INFO | .venv\Lib\site-packages\uvicorn\lifespan\on.py:48 | Waiting for application startup.
2026-04-21 12:24:26,197 | uvicorn.error | INFO | .venv\Lib\site-packages\uvicorn\lifespan\on.py:62 | Application startup complete.
2026-04-21 12:24:26,197 | uvicorn.error | INFO | .venv\Lib\site-packages\uvicorn\server.py:272 | Shutting down
2026-04-21 12:24:26,304 | uvicorn.error | INFO | .venv\Lib\site-packages\uvicorn\lifespan\on.py:67 | Waiting for application shutdown.
2026-04-21 12:24:26,305 | uvicorn.error | INFO | .venv\Lib\site-packages\uvicorn\lifespan\on.py:76 | Application shutdown complete.
2026-04-21 12:24:26,308 | uvicorn.error | INFO | .venv\Lib\site-packages\uvicorn\server.py:102 | Finished server process [2560]
2026-04-21 12:24:31,663 | app | INFO | app\core\bootstrap.py:32 | -----------------Bootstrapping FastAPI-----------------
2026-04-21 12:24:31,666 | uvicorn.error | INFO | .venv\Lib\site-packages\uvicorn\server.py:92 | Started server process [48656]
2026-04-21 12:24:31,666 | uvicorn.error | INFO | .venv\Lib\site-packages\uvicorn\lifespan\on.py:48 | Waiting for application startup.
2026-04-21 12:24:31,666 | uvicorn.error | INFO | .venv\Lib\site-packages\uvicorn\lifespan\on.py:62 | Application startup complete.
2026-04-21 12:24:31,669 | uvicorn.error | INFO | .venv\Lib\site-packages\uvicorn\server.py:272 | Shutting down
2026-04-21 12:24:31,780 | uvicorn.error | INFO | .venv\Lib\site-packages\uvicorn\lifespan\on.py:67 | Waiting for application shutdown.
2026-04-21 12:24:31,782 | uvicorn.error | INFO | .venv\Lib\site-packages\uvicorn\lifespan\on.py:76 | Application shutdown complete.
2026-04-21 12:24:31,783 | uvicorn.error | INFO | .venv\Lib\site-packages\uvicorn\server.py:102 | Finished server process [48656]
2026-04-21 12:24:36,947 | app | INFO | app\core\bootstrap.py:32 | -----------------Bootstrapping FastAPI-----------------
2026-04-21 12:24:36,950 | uvicorn.error | INFO | .venv\Lib\site-packages\uvicorn\server.py:92 | Started server process [53392]
2026-04-21 12:24:36,951 | uvicorn.error | INFO | .venv\Lib\site-packages\uvicorn\lifespan\on.py:48 | Waiting for application startup.
2026-04-21 12:24:36,954 | uvicorn.error | INFO | .venv\Lib\site-packages\uvicorn\lifespan\on.py:62 | Application startup complete.
2026-04-21 12:24:36,954 | uvicorn.error | INFO | .venv\Lib\site-packages\uvicorn\server.py:272 | Shutting down
2026-04-21 12:24:37,062 | uvicorn.error | INFO | .venv\Lib\site-packages\uvicorn\lifespan\on.py:67 | Waiting for application shutdown.
2026-04-21 12:24:37,063 | uvicorn.error | INFO | .venv\Lib\site-packages\uvicorn\lifespan\on.py:76 | Application shutdown complete.
2026-04-21 12:24:37,064 | uvicorn.error | INFO | .venv\Lib\site-packages\uvicorn\server.py:102 | Finished server process [53392]
2026-04-21 12:24:42,401 | app | INFO | app\core\bootstrap.py:32 | -----------------Bootstrapping FastAPI-----------------
2026-04-21 12:24:42,401 | uvicorn.error | INFO | .venv\Lib\site-packages\uvicorn\server.py:92 | Started server process [29360]
2026-04-21 12:24:42,404 | uvicorn.error | INFO | .venv\Lib\site-packages\uvicorn\lifespan\on.py:48 | Waiting for application startup.
2026-04-21 12:24:42,404 | uvicorn.error | INFO | .venv\Lib\site-packages\uvicorn\lifespan\on.py:62 | Application startup complete.
2026-04-21 12:24:43,695 | uvicorn.error | INFO | .venv\Lib\site-packages\uvicorn\server.py:272 | Shutting down
2026-04-21 12:24:43,800 | uvicorn.error | INFO | .venv\Lib\site-packages\uvicorn\lifespan\on.py:67 | Waiting for application shutdown.
2026-04-21 12:24:43,800 | uvicorn.error | INFO | .venv\Lib\site-packages\uvicorn\lifespan\on.py:76 | Application shutdown complete.
2026-04-21 12:24:43,800 | uvicorn.error | INFO | .venv\Lib\site-packages\uvicorn\server.py:102 | Finished server process [29360]
2026-04-21 12:24:49,265 | app | INFO | app\core\bootstrap.py:32 | -----------------Bootstrapping FastAPI-----------------
2026-04-21 12:24:49,269 | uvicorn.error | INFO | .venv\Lib\site-packages\uvicorn\server.py:92 | Started server process [52100]
2026-04-21 12:24:49,269 | uvicorn.error | INFO | .venv\Lib\site-packages\uvicorn\lifespan\on.py:48 | Waiting for application startup.
2026-04-21 12:24:49,269 | uvicorn.error | INFO | .venv\Lib\site-packages\uvicorn\lifespan\on.py:62 | Application startup complete.
2026-04-21 12:24:49,269 | uvicorn.error | INFO | .venv\Lib\site-packages\uvicorn\server.py:272 | Shutting down
2026-04-21 12:24:49,376 | uvicorn.error | INFO | .venv\Lib\site-packages\uvicorn\lifespan\on.py:67 | Waiting for application shutdown.
2026-04-21 12:24:49,377 | uvicorn.error | INFO | .venv\Lib\site-packages\uvicorn\lifespan\on.py:76 | Application shutdown complete.
2026-04-21 12:24:49,378 | uvicorn.error | INFO | .venv\Lib\site-packages\uvicorn\server.py:102 | Finished server process [52100]
2026-04-21 12:24:54,581 | app | INFO | app\core\bootstrap.py:32 | -----------------Bootstrapping FastAPI-----------------
2026-04-21 12:24:54,581 | uvicorn.error | INFO | .venv\Lib\site-packages\uvicorn\server.py:92 | Started server process [54412]
2026-04-21 12:24:54,587 | uvicorn.error | INFO | .venv\Lib\site-packages\uvicorn\lifespan\on.py:48 | Waiting for application startup.
2026-04-21 12:24:54,587 | uvicorn.error | INFO | .venv\Lib\site-packages\uvicorn\lifespan\on.py:62 | Application startup complete.
2026-04-21 12:24:54,589 | uvicorn.error | INFO | .venv\Lib\site-packages\uvicorn\server.py:272 | Shutting down
2026-04-21 12:24:54,691 | uvicorn.error | INFO | .venv\Lib\site-packages\uvicorn\lifespan\on.py:67 | Waiting for application shutdown.
2026-04-21 12:24:54,692 | uvicorn.error | INFO | .venv\Lib\site-packages\uvicorn\lifespan\on.py:76 | Application shutdown complete.
2026-04-21 12:24:54,693 | uvicorn.error | INFO | .venv\Lib\site-packages\uvicorn\server.py:102 | Finished server process [54412]
2026-04-21 12:24:59,693 | app | INFO | app\core\bootstrap.py:32 | -----------------Bootstrapping FastAPI-----------------
2026-04-21 12:24:59,696 | uvicorn.error | INFO | .venv\Lib\site-packages\uvicorn\server.py:92 | Started server process [40508]
2026-04-21 12:24:59,696 | uvicorn.error | INFO | .venv\Lib\site-packages\uvicorn\lifespan\on.py:48 | Waiting for application startup.
2026-04-21 12:24:59,697 | uvicorn.error | INFO | .venv\Lib\site-packages\uvicorn\lifespan\on.py:62 | Application startup complete.
2026-04-21 12:25:08,164 | uvicorn.error | INFO | .venv\Lib\site-packages\uvicorn\server.py:272 | Shutting down
2026-04-21 12:25:08,266 | uvicorn.error | INFO | .venv\Lib\site-packages\uvicorn\lifespan\on.py:67 | Waiting for application shutdown.
2026-04-21 12:25:08,267 | uvicorn.error | INFO | .venv\Lib\site-packages\uvicorn\lifespan\on.py:76 | Application shutdown complete.
2026-04-21 12:25:08,269 | uvicorn.error | INFO | .venv\Lib\site-packages\uvicorn\server.py:102 | Finished server process [40508]
2026-04-21 12:25:13,883 | app | INFO | app\core\bootstrap.py:32 | -----------------Bootstrapping FastAPI-----------------
2026-04-21 12:25:13,884 | uvicorn.error | INFO | .venv\Lib\site-packages\uvicorn\server.py:92 | Started server process [51848]
2026-04-21 12:25:13,884 | uvicorn.error | INFO | .venv\Lib\site-packages\uvicorn\lifespan\on.py:48 | Waiting for application startup.
2026-04-21 12:25:13,886 | uvicorn.error | INFO | .venv\Lib\site-packages\uvicorn\lifespan\on.py:62 | Application startup complete.
2026-04-21 12:25:15,052 | uvicorn.error | INFO | .venv\Lib\site-packages\uvicorn\server.py:272 | Shutting down
2026-04-21 12:25:15,153 | uvicorn.error | INFO | .venv\Lib\site-packages\uvicorn\lifespan\on.py:67 | Waiting for application shutdown.
2026-04-21 12:25:15,155 | uvicorn.error | INFO | .venv\Lib\site-packages\uvicorn\lifespan\on.py:76 | Application shutdown complete.
2026-04-21 12:25:15,155 | uvicorn.error | INFO | .venv\Lib\site-packages\uvicorn\server.py:102 | Finished server process [51848]
2026-04-21 12:25:20,243 | app | INFO | app\core\bootstrap.py:32 | -----------------Bootstrapping FastAPI-----------------
2026-04-21 12:25:20,246 | uvicorn.error | INFO | .venv\Lib\site-packages\uvicorn\server.py:92 | Started server process [20284]
2026-04-21 12:25:20,247 | uvicorn.error | INFO | .venv\Lib\site-packages\uvicorn\lifespan\on.py:48 | Waiting for application startup.
2026-04-21 12:25:20,248 | uvicorn.error | INFO | .venv\Lib\site-packages\uvicorn\lifespan\on.py:62 | Application startup complete.
2026-04-21 12:25:32,637 | uvicorn.error | INFO | .venv\Lib\site-packages\uvicorn\server.py:272 | Shutting down
2026-04-21 12:25:32,748 | uvicorn.error | INFO | .venv\Lib\site-packages\uvicorn\lifespan\on.py:67 | Waiting for application shutdown.
2026-04-21 12:25:32,748 | uvicorn.error | INFO | .venv\Lib\site-packages\uvicorn\lifespan\on.py:76 | Application shutdown complete.
2026-04-21 12:25:32,748 | uvicorn.error | INFO | .venv\Lib\site-packages\uvicorn\server.py:102 | Finished server process [20284]
2026-04-21 12:25:38,117 | app | INFO | app\core\bootstrap.py:32 | -----------------Bootstrapping FastAPI-----------------
2026-04-21 12:25:38,120 | uvicorn.error | INFO | .venv\Lib\site-packages\uvicorn\server.py:92 | Started server process [35420]
2026-04-21 12:25:38,121 | uvicorn.error | INFO | .venv\Lib\site-packages\uvicorn\lifespan\on.py:48 | Waiting for application startup.
2026-04-21 12:25:38,123 | uvicorn.error | INFO | .venv\Lib\site-packages\uvicorn\lifespan\on.py:62 | Application startup complete.
2026-04-21 12:25:38,123 | uvicorn.error | INFO | .venv\Lib\site-packages\uvicorn\server.py:272 | Shutting down
2026-04-21 12:25:38,230 | uvicorn.error | INFO | .venv\Lib\site-packages\uvicorn\lifespan\on.py:67 | Waiting for application shutdown.
2026-04-21 12:25:38,231 | uvicorn.error | INFO | .venv\Lib\site-packages\uvicorn\lifespan\on.py:76 | Application shutdown complete.
2026-04-21 12:25:38,232 | uvicorn.error | INFO | .venv\Lib\site-packages\uvicorn\server.py:102 | Finished server process [35420]
2026-04-21 12:25:43,689 | app | INFO | app\core\bootstrap.py:32 | -----------------Bootstrapping FastAPI-----------------
2026-04-21 12:25:43,693 | uvicorn.error | INFO | .venv\Lib\site-packages\uvicorn\server.py:92 | Started server process [11404]
2026-04-21 12:25:43,693 | uvicorn.error | INFO | .venv\Lib\site-packages\uvicorn\lifespan\on.py:48 | Waiting for application startup.
2026-04-21 12:25:43,695 | uvicorn.error | INFO | .venv\Lib\site-packages\uvicorn\lifespan\on.py:62 | Application startup complete.
2026-04-21 12:25:44,658 | uvicorn.error | INFO | .venv\Lib\site-packages\uvicorn\server.py:272 | Shutting down
2026-04-21 12:25:44,764 | uvicorn.error | INFO | .venv\Lib\site-packages\uvicorn\lifespan\on.py:67 | Waiting for application shutdown.
2026-04-21 12:25:44,765 | uvicorn.error | INFO | .venv\Lib\site-packages\uvicorn\lifespan\on.py:76 | Application shutdown complete.
2026-04-21 12:25:44,765 | uvicorn.error | INFO | .venv\Lib\site-packages\uvicorn\server.py:102 | Finished server process [11404]
2026-04-21 12:25:50,015 | app | INFO | app\core\bootstrap.py:32 | -----------------Bootstrapping FastAPI-----------------
2026-04-21 12:25:50,017 | uvicorn.error | INFO | .venv\Lib\site-packages\uvicorn\server.py:92 | Started server process [19148]
2026-04-21 12:25:50,017 | uvicorn.error | INFO | .venv\Lib\site-packages\uvicorn\lifespan\on.py:48 | Waiting for application startup.
2026-04-21 12:25:50,019 | uvicorn.error | INFO | .venv\Lib\site-packages\uvicorn\lifespan\on.py:62 | Application startup complete.
2026-04-21 12:25:57,107 | uvicorn.error | INFO | .venv\Lib\site-packages\uvicorn\server.py:272 | Shutting down
2026-04-21 12:25:57,215 | uvicorn.error | INFO | .venv\Lib\site-packages\uvicorn\lifespan\on.py:67 | Waiting for application shutdown.
2026-04-21 12:25:57,216 | uvicorn.error | INFO | .venv\Lib\site-packages\uvicorn\lifespan\on.py:76 | Application shutdown complete.
2026-04-21 12:25:57,216 | uvicorn.error | INFO | .venv\Lib\site-packages\uvicorn\server.py:102 | Finished server process [19148]
2026-04-21 12:26:02,579 | app | INFO | app\core\bootstrap.py:32 | -----------------Bootstrapping FastAPI-----------------
2026-04-21 12:26:02,579 | uvicorn.error | INFO | .venv\Lib\site-packages\uvicorn\server.py:92 | Started server process [54016]
2026-04-21 12:26:02,582 | uvicorn.error | INFO | .venv\Lib\site-packages\uvicorn\lifespan\on.py:48 | Waiting for application startup.
2026-04-21 12:26:02,582 | uvicorn.error | INFO | .venv\Lib\site-packages\uvicorn\lifespan\on.py:62 | Application startup complete.
2026-04-21 12:26:03,775 | uvicorn.error | INFO | .venv\Lib\site-packages\uvicorn\server.py:272 | Shutting down
2026-04-21 12:26:03,888 | uvicorn.error | INFO | .venv\Lib\site-packages\uvicorn\lifespan\on.py:67 | Waiting for application shutdown.
2026-04-21 12:26:03,891 | uvicorn.error | INFO | .venv\Lib\site-packages\uvicorn\lifespan\on.py:76 | Application shutdown complete.
2026-04-21 12:26:03,892 | uvicorn.error | INFO | .venv\Lib\site-packages\uvicorn\server.py:102 | Finished server process [54016]
2026-04-21 12:26:09,213 | app | INFO | app\core\bootstrap.py:32 | -----------------Bootstrapping FastAPI-----------------
2026-04-21 12:26:09,215 | uvicorn.error | INFO | .venv\Lib\site-packages\uvicorn\server.py:92 | Started server process [21260]
2026-04-21 12:26:09,217 | uvicorn.error | INFO | .venv\Lib\site-packages\uvicorn\lifespan\on.py:48 | Waiting for application startup.
2026-04-21 12:26:09,218 | uvicorn.error | INFO | .venv\Lib\site-packages\uvicorn\lifespan\on.py:62 | Application startup complete.
2026-04-21 12:26:10,285 | uvicorn.error | INFO | .venv\Lib\site-packages\uvicorn\server.py:272 | Shutting down
2026-04-21 12:26:10,388 | uvicorn.error | INFO | .venv\Lib\site-packages\uvicorn\lifespan\on.py:67 | Waiting for application shutdown.
2026-04-21 12:26:10,390 | uvicorn.error | INFO | .venv\Lib\site-packages\uvicorn\lifespan\on.py:76 | Application shutdown complete.
2026-04-21 12:26:10,391 | uvicorn.error | INFO | .venv\Lib\site-packages\uvicorn\server.py:102 | Finished server process [21260]
2026-04-21 12:26:15,770 | app | INFO | app\core\bootstrap.py:32 | -----------------Bootstrapping FastAPI-----------------
2026-04-21 12:26:15,774 | uvicorn.error | INFO | .venv\Lib\site-packages\uvicorn\server.py:92 | Started server process [33680]
2026-04-21 12:26:15,774 | uvicorn.error | INFO | .venv\Lib\site-packages\uvicorn\lifespan\on.py:48 | Waiting for application startup.
2026-04-21 12:26:15,774 | uvicorn.error | INFO | .venv\Lib\site-packages\uvicorn\lifespan\on.py:62 | Application startup complete.
2026-04-21 12:26:17,067 | uvicorn.error | INFO | .venv\Lib\site-packages\uvicorn\server.py:272 | Shutting down
2026-04-21 12:26:17,184 | uvicorn.error | INFO | .venv\Lib\site-packages\uvicorn\lifespan\on.py:67 | Waiting for application shutdown.
2026-04-21 12:26:17,185 | uvicorn.error | INFO | .venv\Lib\site-packages\uvicorn\lifespan\on.py:76 | Application shutdown complete.
2026-04-21 12:26:17,186 | uvicorn.error | INFO | .venv\Lib\site-packages\uvicorn\server.py:102 | Finished server process [33680]
2026-04-21 12:26:22,444 | app | INFO | app\core\bootstrap.py:32 | -----------------Bootstrapping FastAPI-----------------
2026-04-21 12:26:22,447 | uvicorn.error | INFO | .venv\Lib\site-packages\uvicorn\server.py:92 | Started server process [40604]
2026-04-21 12:26:22,447 | uvicorn.error | INFO | .venv\Lib\site-packages\uvicorn\lifespan\on.py:48 | Waiting for application startup.
2026-04-21 12:26:22,448 | uvicorn.error | INFO | .venv\Lib\site-packages\uvicorn\lifespan\on.py:62 | Application startup complete.
2026-04-21 12:26:29,580 | uvicorn.error | INFO | .venv\Lib\site-packages\uvicorn\server.py:272 | Shutting down
2026-04-21 12:26:29,689 | uvicorn.error | INFO | .venv\Lib\site-packages\uvicorn\lifespan\on.py:67 | Waiting for application shutdown.
2026-04-21 12:26:29,690 | uvicorn.error | INFO | .venv\Lib\site-packages\uvicorn\lifespan\on.py:76 | Application shutdown complete.
2026-04-21 12:26:29,691 | uvicorn.error | INFO | .venv\Lib\site-packages\uvicorn\server.py:102 | Finished server process [40604]
2026-04-21 12:26:35,170 | app | INFO | app\core\bootstrap.py:32 | -----------------Bootstrapping FastAPI-----------------
2026-04-21 12:26:35,172 | uvicorn.error | INFO | .venv\Lib\site-packages\uvicorn\server.py:92 | Started server process [23916]
2026-04-21 12:26:35,172 | uvicorn.error | INFO | .venv\Lib\site-packages\uvicorn\lifespan\on.py:48 | Waiting for application startup.
2026-04-21 12:26:35,175 | uvicorn.error | INFO | .venv\Lib\site-packages\uvicorn\lifespan\on.py:62 | Application startup complete.
2026-04-21 12:26:35,176 | uvicorn.error | INFO | .venv\Lib\site-packages\uvicorn\server.py:272 | Shutting down
2026-04-21 12:26:35,285 | uvicorn.error | INFO | .venv\Lib\site-packages\uvicorn\lifespan\on.py:67 | Waiting for application shutdown.
2026-04-21 12:26:35,287 | uvicorn.error | INFO | .venv\Lib\site-packages\uvicorn\lifespan\on.py:76 | Application shutdown complete.
2026-04-21 12:26:35,287 | uvicorn.error | INFO | .venv\Lib\site-packages\uvicorn\server.py:102 | Finished server process [23916]
2026-04-21 12:26:40,744 | app | INFO | app\core\bootstrap.py:32 | -----------------Bootstrapping FastAPI-----------------
2026-04-21 12:26:40,748 | uvicorn.error | INFO | .venv\Lib\site-packages\uvicorn\server.py:92 | Started server process [31540]
2026-04-21 12:26:40,748 | uvicorn.error | INFO | .venv\Lib\site-packages\uvicorn\lifespan\on.py:48 | Waiting for application startup.
2026-04-21 12:26:40,748 | uvicorn.error | INFO | .venv\Lib\site-packages\uvicorn\lifespan\on.py:62 | Application startup complete.
2026-04-21 12:26:40,748 | uvicorn.error | INFO | .venv\Lib\site-packages\uvicorn\server.py:272 | Shutting down
2026-04-21 12:26:40,863 | uvicorn.error | INFO | .venv\Lib\site-packages\uvicorn\lifespan\on.py:67 | Waiting for application shutdown.
2026-04-21 12:26:40,864 | uvicorn.error | INFO | .venv\Lib\site-packages\uvicorn\lifespan\on.py:76 | Application shutdown complete.
2026-04-21 12:26:40,864 | uvicorn.error | INFO | .venv\Lib\site-packages\uvicorn\server.py:102 | Finished server process [31540]
2026-04-21 12:26:46,536 | app | INFO | app\core\bootstrap.py:32 | -----------------Bootstrapping FastAPI-----------------
2026-04-21 12:26:46,538 | uvicorn.error | INFO | .venv\Lib\site-packages\uvicorn\server.py:92 | Started server process [17340]
2026-04-21 12:26:46,540 | uvicorn.error | INFO | .venv\Lib\site-packages\uvicorn\lifespan\on.py:48 | Waiting for application startup.
2026-04-21 12:26:46,542 | uvicorn.error | INFO | .venv\Lib\site-packages\uvicorn\lifespan\on.py:62 | Application startup complete.
2026-04-21 12:26:46,542 | uvicorn.error | INFO | .venv\Lib\site-packages\uvicorn\server.py:272 | Shutting down
2026-04-21 12:26:46,658 | uvicorn.error | INFO | .venv\Lib\site-packages\uvicorn\lifespan\on.py:67 | Waiting for application shutdown.
2026-04-21 12:26:46,659 | uvicorn.error | INFO | .venv\Lib\site-packages\uvicorn\lifespan\on.py:76 | Application shutdown complete.
2026-04-21 12:26:46,662 | uvicorn.error | INFO | .venv\Lib\site-packages\uvicorn\server.py:102 | Finished server process [17340]
2026-04-21 12:26:52,215 | app | INFO | app\core\bootstrap.py:32 | -----------------Bootstrapping FastAPI-----------------
2026-04-21 12:26:52,218 | uvicorn.error | INFO | .venv\Lib\site-packages\uvicorn\server.py:92 | Started server process [50992]
2026-04-21 12:26:52,220 | uvicorn.error | INFO | .venv\Lib\site-packages\uvicorn\lifespan\on.py:48 | Waiting for application startup.
2026-04-21 12:26:52,222 | uvicorn.error | INFO | .venv\Lib\site-packages\uvicorn\lifespan\on.py:62 | Application startup complete.
2026-04-21 12:26:53,715 | uvicorn.error | INFO | .venv\Lib\site-packages\uvicorn\server.py:272 | Shutting down
2026-04-21 12:26:53,817 | uvicorn.error | INFO | .venv\Lib\site-packages\uvicorn\lifespan\on.py:67 | Waiting for application shutdown.
2026-04-21 12:26:53,818 | uvicorn.error | INFO | .venv\Lib\site-packages\uvicorn\lifespan\on.py:76 | Application shutdown complete.
2026-04-21 12:26:53,818 | uvicorn.error | INFO | .venv\Lib\site-packages\uvicorn\server.py:102 | Finished server process [50992]
2026-04-21 12:26:59,299 | app | INFO | app\core\bootstrap.py:32 | -----------------Bootstrapping FastAPI-----------------
2026-04-21 12:26:59,310 | uvicorn.error | INFO | .venv\Lib\site-packages\uvicorn\server.py:92 | Started server process [20272]
2026-04-21 12:26:59,311 | uvicorn.error | INFO | .venv\Lib\site-packages\uvicorn\lifespan\on.py:48 | Waiting for application startup.
2026-04-21 12:26:59,313 | uvicorn.error | INFO | .venv\Lib\site-packages\uvicorn\lifespan\on.py:62 | Application startup complete.
2026-04-21 12:26:59,313 | uvicorn.error | INFO | .venv\Lib\site-packages\uvicorn\server.py:272 | Shutting down
2026-04-21 12:26:59,415 | uvicorn.error | INFO | .venv\Lib\site-packages\uvicorn\lifespan\on.py:67 | Waiting for application shutdown.
2026-04-21 12:26:59,416 | uvicorn.error | INFO | .venv\Lib\site-packages\uvicorn\lifespan\on.py:76 | Application shutdown complete.
2026-04-21 12:26:59,417 | uvicorn.error | INFO | .venv\Lib\site-packages\uvicorn\server.py:102 | Finished server process [20272]
2026-04-21 12:27:04,856 | app | INFO | app\core\bootstrap.py:32 | -----------------Bootstrapping FastAPI-----------------
2026-04-21 12:27:04,859 | uvicorn.error | INFO | .venv\Lib\site-packages\uvicorn\server.py:92 | Started server process [19996]
2026-04-21 12:27:04,860 | uvicorn.error | INFO | .venv\Lib\site-packages\uvicorn\lifespan\on.py:48 | Waiting for application startup.
2026-04-21 12:27:04,862 | uvicorn.error | INFO | .venv\Lib\site-packages\uvicorn\lifespan\on.py:62 | Application startup complete.
2026-04-21 12:27:06,249 | uvicorn.error | INFO | .venv\Lib\site-packages\uvicorn\server.py:272 | Shutting down
2026-04-21 12:27:06,352 | uvicorn.error | INFO | .venv\Lib\site-packages\uvicorn\lifespan\on.py:67 | Waiting for application shutdown.
2026-04-21 12:27:06,353 | uvicorn.error | INFO | .venv\Lib\site-packages\uvicorn\lifespan\on.py:76 | Application shutdown complete.
2026-04-21 12:27:06,355 | uvicorn.error | INFO | .venv\Lib\site-packages\uvicorn\server.py:102 | Finished server process [19996]
2026-04-21 12:27:11,856 | app | INFO | app\core\bootstrap.py:32 | -----------------Bootstrapping FastAPI-----------------
2026-04-21 12:27:11,859 | uvicorn.error | INFO | .venv\Lib\site-packages\uvicorn\server.py:92 | Started server process [53612]
2026-04-21 12:27:11,861 | uvicorn.error | INFO | .venv\Lib\site-packages\uvicorn\lifespan\on.py:48 | Waiting for application startup.
2026-04-21 12:27:11,862 | uvicorn.error | INFO | .venv\Lib\site-packages\uvicorn\lifespan\on.py:62 | Application startup complete.
2026-04-21 12:27:11,862 | uvicorn.error | INFO | .venv\Lib\site-packages\uvicorn\server.py:272 | Shutting down
2026-04-21 12:27:11,964 | uvicorn.error | INFO | .venv\Lib\site-packages\uvicorn\lifespan\on.py:67 | Waiting for application shutdown.
2026-04-21 12:27:11,965 | uvicorn.error | INFO | .venv\Lib\site-packages\uvicorn\lifespan\on.py:76 | Application shutdown complete.
2026-04-21 12:27:11,965 | uvicorn.error | INFO | .venv\Lib\site-packages\uvicorn\server.py:102 | Finished server process [53612]
2026-04-21 12:27:17,362 | app | INFO | app\core\bootstrap.py:32 | -----------------Bootstrapping FastAPI-----------------
2026-04-21 12:27:17,364 | uvicorn.error | INFO | .venv\Lib\site-packages\uvicorn\server.py:92 | Started server process [6676]
2026-04-21 12:27:17,366 | uvicorn.error | INFO | .venv\Lib\site-packages\uvicorn\lifespan\on.py:48 | Waiting for application startup.
2026-04-21 12:27:17,367 | uvicorn.error | INFO | .venv\Lib\site-packages\uvicorn\lifespan\on.py:62 | Application startup complete.
2026-04-21 12:27:17,368 | uvicorn.error | INFO | .venv\Lib\site-packages\uvicorn\server.py:272 | Shutting down
2026-04-21 12:27:17,476 | uvicorn.error | INFO | .venv\Lib\site-packages\uvicorn\lifespan\on.py:67 | Waiting for application shutdown.
2026-04-21 12:27:17,476 | uvicorn.error | INFO | .venv\Lib\site-packages\uvicorn\lifespan\on.py:76 | Application shutdown complete.
2026-04-21 12:27:17,476 | uvicorn.error | INFO | .venv\Lib\site-packages\uvicorn\server.py:102 | Finished server process [6676]
2026-04-21 12:27:22,738 | app | INFO | app\core\bootstrap.py:32 | -----------------Bootstrapping FastAPI-----------------
2026-04-21 12:27:22,741 | uvicorn.error | INFO | .venv\Lib\site-packages\uvicorn\server.py:92 | Started server process [9308]
2026-04-21 12:27:22,742 | uvicorn.error | INFO | .venv\Lib\site-packages\uvicorn\lifespan\on.py:48 | Waiting for application startup.
2026-04-21 12:27:22,744 | uvicorn.error | INFO | .venv\Lib\site-packages\uvicorn\lifespan\on.py:62 | Application startup complete.
2026-04-21 12:27:22,744 | uvicorn.error | INFO | .venv\Lib\site-packages\uvicorn\server.py:272 | Shutting down
2026-04-21 12:27:22,859 | uvicorn.error | INFO | .venv\Lib\site-packages\uvicorn\lifespan\on.py:67 | Waiting for application shutdown.
2026-04-21 12:27:22,860 | uvicorn.error | INFO | .venv\Lib\site-packages\uvicorn\lifespan\on.py:76 | Application shutdown complete.
2026-04-21 12:27:22,860 | uvicorn.error | INFO | .venv\Lib\site-packages\uvicorn\server.py:102 | Finished server process [9308]
2026-04-21 12:27:28,052 | app | INFO | app\core\bootstrap.py:32 | -----------------Bootstrapping FastAPI-----------------
2026-04-21 12:27:28,052 | uvicorn.error | INFO | .venv\Lib\site-packages\uvicorn\server.py:92 | Started server process [6508]
2026-04-21 12:27:28,052 | uvicorn.error | INFO | .venv\Lib\site-packages\uvicorn\lifespan\on.py:48 | Waiting for application startup.
2026-04-21 12:27:28,056 | uvicorn.error | INFO | .venv\Lib\site-packages\uvicorn\lifespan\on.py:62 | Application startup complete.
2026-04-21 12:27:28,056 | uvicorn.error | INFO | .venv\Lib\site-packages\uvicorn\server.py:272 | Shutting down
2026-04-21 12:27:28,156 | uvicorn.error | INFO | .venv\Lib\site-packages\uvicorn\lifespan\on.py:67 | Waiting for application shutdown.
2026-04-21 12:27:28,158 | uvicorn.error | INFO | .venv\Lib\site-packages\uvicorn\lifespan\on.py:76 | Application shutdown complete.
2026-04-21 12:27:28,159 | uvicorn.error | INFO | .venv\Lib\site-packages\uvicorn\server.py:102 | Finished server process [6508]
2026-04-21 12:27:33,442 | app | INFO | app\core\bootstrap.py:32 | -----------------Bootstrapping FastAPI-----------------
2026-04-21 12:27:33,446 | uvicorn.error | INFO | .venv\Lib\site-packages\uvicorn\server.py:92 | Started server process [52000]
2026-04-21 12:27:33,446 | uvicorn.error | INFO | .venv\Lib\site-packages\uvicorn\lifespan\on.py:48 | Waiting for application startup.
2026-04-21 12:27:33,449 | uvicorn.error | INFO | .venv\Lib\site-packages\uvicorn\lifespan\on.py:62 | Application startup complete.
2026-04-21 12:27:34,641 | uvicorn.error | INFO | .venv\Lib\site-packages\uvicorn\server.py:272 | Shutting down
2026-04-21 12:27:34,754 | uvicorn.error | INFO | .venv\Lib\site-packages\uvicorn\lifespan\on.py:67 | Waiting for application shutdown.
2026-04-21 12:27:34,755 | uvicorn.error | INFO | .venv\Lib\site-packages\uvicorn\lifespan\on.py:76 | Application shutdown complete.
2026-04-21 12:27:34,756 | uvicorn.error | INFO | .venv\Lib\site-packages\uvicorn\server.py:102 | Finished server process [52000]
2026-04-21 12:27:40,271 | app | INFO | app\core\bootstrap.py:32 | -----------------Bootstrapping FastAPI-----------------
2026-04-21 12:27:40,271 | uvicorn.error | INFO | .venv\Lib\site-packages\uvicorn\server.py:92 | Started server process [26476]
2026-04-21 12:27:40,276 | uvicorn.error | INFO | .venv\Lib\site-packages\uvicorn\lifespan\on.py:48 | Waiting for application startup.
2026-04-21 12:27:40,276 | uvicorn.error | INFO | .venv\Lib\site-packages\uvicorn\lifespan\on.py:62 | Application startup complete.
2026-04-21 12:27:40,276 | uvicorn.error | INFO | .venv\Lib\site-packages\uvicorn\server.py:272 | Shutting down
2026-04-21 12:27:40,380 | uvicorn.error | INFO | .venv\Lib\site-packages\uvicorn\lifespan\on.py:67 | Waiting for application shutdown.
2026-04-21 12:27:40,382 | uvicorn.error | INFO | .venv\Lib\site-packages\uvicorn\lifespan\on.py:76 | Application shutdown complete.
2026-04-21 12:27:40,382 | uvicorn.error | INFO | .venv\Lib\site-packages\uvicorn\server.py:102 | Finished server process [26476]
2026-04-21 12:27:45,768 | app | INFO | app\core\bootstrap.py:32 | -----------------Bootstrapping FastAPI-----------------
2026-04-21 12:27:45,773 | uvicorn.error | INFO | .venv\Lib\site-packages\uvicorn\server.py:92 | Started server process [29788]
2026-04-21 12:27:45,774 | uvicorn.error | INFO | .venv\Lib\site-packages\uvicorn\lifespan\on.py:48 | Waiting for application startup.
2026-04-21 12:27:45,775 | uvicorn.error | INFO | .venv\Lib\site-packages\uvicorn\lifespan\on.py:62 | Application startup complete.
2026-04-21 12:27:45,777 | uvicorn.error | INFO | .venv\Lib\site-packages\uvicorn\server.py:272 | Shutting down
2026-04-21 12:27:45,886 | uvicorn.error | INFO | .venv\Lib\site-packages\uvicorn\lifespan\on.py:67 | Waiting for application shutdown.
2026-04-21 12:27:45,888 | uvicorn.error | INFO | .venv\Lib\site-packages\uvicorn\lifespan\on.py:76 | Application shutdown complete.
2026-04-21 12:27:45,888 | uvicorn.error | INFO | .venv\Lib\site-packages\uvicorn\server.py:102 | Finished server process [29788]
2026-04-21 12:27:50,993 | app | INFO | app\core\bootstrap.py:32 | -----------------Bootstrapping FastAPI-----------------
2026-04-21 12:27:50,994 | uvicorn.error | INFO | .venv\Lib\site-packages\uvicorn\server.py:92 | Started server process [12128]
2026-04-21 12:27:50,995 | uvicorn.error | INFO | .venv\Lib\site-packages\uvicorn\lifespan\on.py:48 | Waiting for application startup.
2026-04-21 12:27:50,996 | uvicorn.error | INFO | .venv\Lib\site-packages\uvicorn\lifespan\on.py:62 | Application startup complete.
2026-04-21 12:27:50,996 | uvicorn.error | INFO | .venv\Lib\site-packages\uvicorn\server.py:272 | Shutting down
2026-04-21 12:27:51,105 | uvicorn.error | INFO | .venv\Lib\site-packages\uvicorn\lifespan\on.py:67 | Waiting for application shutdown.
2026-04-21 12:27:51,107 | uvicorn.error | INFO | .venv\Lib\site-packages\uvicorn\lifespan\on.py:76 | Application shutdown complete.
2026-04-21 12:27:51,108 | uvicorn.error | INFO | .venv\Lib\site-packages\uvicorn\server.py:102 | Finished server process [12128]
2026-04-21 12:27:56,593 | app | INFO | app\core\bootstrap.py:32 | -----------------Bootstrapping FastAPI-----------------
2026-04-21 12:27:56,594 | uvicorn.error | INFO | .venv\Lib\site-packages\uvicorn\server.py:92 | Started server process [20344]
2026-04-21 12:27:56,595 | uvicorn.error | INFO | .venv\Lib\site-packages\uvicorn\lifespan\on.py:48 | Waiting for application startup.
2026-04-21 12:27:56,595 | uvicorn.error | INFO | .venv\Lib\site-packages\uvicorn\lifespan\on.py:62 | Application startup complete.
2026-04-21 12:27:56,595 | uvicorn.error | INFO | .venv\Lib\site-packages\uvicorn\server.py:272 | Shutting down
2026-04-21 12:27:56,700 | uvicorn.error | INFO | .venv\Lib\site-packages\uvicorn\lifespan\on.py:67 | Waiting for application shutdown.
2026-04-21 12:27:56,702 | uvicorn.error | INFO | .venv\Lib\site-packages\uvicorn\lifespan\on.py:76 | Application shutdown complete.
2026-04-21 12:27:56,702 | uvicorn.error | INFO | .venv\Lib\site-packages\uvicorn\server.py:102 | Finished server process [20344]
2026-04-21 12:28:01,976 | app | INFO | app\core\bootstrap.py:32 | -----------------Bootstrapping FastAPI-----------------
2026-04-21 12:28:01,978 | uvicorn.error | INFO | .venv\Lib\site-packages\uvicorn\server.py:92 | Started server process [45468]
2026-04-21 12:28:01,979 | uvicorn.error | INFO | .venv\Lib\site-packages\uvicorn\lifespan\on.py:48 | Waiting for application startup.
2026-04-21 12:28:01,980 | uvicorn.error | INFO | .venv\Lib\site-packages\uvicorn\lifespan\on.py:62 | Application startup complete.
2026-04-21 12:28:09,115 | uvicorn.error | INFO | .venv\Lib\site-packages\uvicorn\server.py:272 | Shutting down
2026-04-21 12:28:09,226 | uvicorn.error | INFO | .venv\Lib\site-packages\uvicorn\lifespan\on.py:67 | Waiting for application shutdown.
2026-04-21 12:28:09,227 | uvicorn.error | INFO | .venv\Lib\site-packages\uvicorn\lifespan\on.py:76 | Application shutdown complete.
2026-04-21 12:28:09,227 | uvicorn.error | INFO | .venv\Lib\site-packages\uvicorn\server.py:102 | Finished server process [45468]
2026-04-21 12:28:14,686 | app | INFO | app\core\bootstrap.py:32 | -----------------Bootstrapping FastAPI-----------------
2026-04-21 12:28:14,689 | uvicorn.error | INFO | .venv\Lib\site-packages\uvicorn\server.py:92 | Started server process [2832]
2026-04-21 12:28:14,689 | uvicorn.error | INFO | .venv\Lib\site-packages\uvicorn\lifespan\on.py:48 | Waiting for application startup.
2026-04-21 12:28:14,691 | uvicorn.error | INFO | .venv\Lib\site-packages\uvicorn\lifespan\on.py:62 | Application startup complete.
2026-04-21 12:28:15,855 | uvicorn.error | INFO | .venv\Lib\site-packages\uvicorn\server.py:272 | Shutting down
2026-04-21 12:28:15,955 | uvicorn.error | INFO | .venv\Lib\site-packages\uvicorn\lifespan\on.py:67 | Waiting for application shutdown.
2026-04-21 12:28:15,956 | uvicorn.error | INFO | .venv\Lib\site-packages\uvicorn\lifespan\on.py:76 | Application shutdown complete.
2026-04-21 12:28:15,957 | uvicorn.error | INFO | .venv\Lib\site-packages\uvicorn\server.py:102 | Finished server process [2832]
2026-04-21 12:28:21,731 | app | INFO | app\core\bootstrap.py:32 | -----------------Bootstrapping FastAPI-----------------
2026-04-21 12:28:21,734 | uvicorn.error | INFO | .venv\Lib\site-packages\uvicorn\server.py:92 | Started server process [23784]
2026-04-21 12:28:21,734 | uvicorn.error | INFO | .venv\Lib\site-packages\uvicorn\lifespan\on.py:48 | Waiting for application startup.
2026-04-21 12:28:21,737 | uvicorn.error | INFO | .venv\Lib\site-packages\uvicorn\lifespan\on.py:62 | Application startup complete.
2026-04-21 12:28:51,842 | uvicorn.error | INFO | .venv\Lib\site-packages\uvicorn\server.py:272 | Shutting down
2026-04-21 12:28:51,948 | uvicorn.error | INFO | .venv\Lib\site-packages\uvicorn\lifespan\on.py:67 | Waiting for application shutdown.
2026-04-21 12:28:51,950 | uvicorn.error | INFO | .venv\Lib\site-packages\uvicorn\lifespan\on.py:76 | Application shutdown complete.
2026-04-21 12:28:51,950 | uvicorn.error | INFO | .venv\Lib\site-packages\uvicorn\server.py:102 | Finished server process [23784]
2026-04-21 12:28:57,180 | app | INFO | app\core\bootstrap.py:32 | -----------------Bootstrapping FastAPI-----------------
2026-04-21 12:28:57,182 | uvicorn.error | INFO | .venv\Lib\site-packages\uvicorn\server.py:92 | Started server process [44228]
2026-04-21 12:28:57,182 | uvicorn.error | INFO | .venv\Lib\site-packages\uvicorn\lifespan\on.py:48 | Waiting for application startup.
2026-04-21 12:28:57,184 | uvicorn.error | INFO | .venv\Lib\site-packages\uvicorn\lifespan\on.py:62 | Application startup complete.
2026-04-21 12:28:57,184 | uvicorn.error | INFO | .venv\Lib\site-packages\uvicorn\server.py:272 | Shutting down
2026-04-21 12:28:57,299 | uvicorn.error | INFO | .venv\Lib\site-packages\uvicorn\lifespan\on.py:67 | Waiting for application shutdown.
2026-04-21 12:28:57,300 | uvicorn.error | INFO | .venv\Lib\site-packages\uvicorn\lifespan\on.py:76 | Application shutdown complete.
2026-04-21 12:28:57,300 | uvicorn.error | INFO | .venv\Lib\site-packages\uvicorn\server.py:102 | Finished server process [44228]
2026-04-21 12:29:02,693 | app | INFO | app\core\bootstrap.py:32 | -----------------Bootstrapping FastAPI-----------------
2026-04-21 12:29:02,696 | uvicorn.error | INFO | .venv\Lib\site-packages\uvicorn\server.py:92 | Started server process [50372]
2026-04-21 12:29:02,696 | uvicorn.error | INFO | .venv\Lib\site-packages\uvicorn\lifespan\on.py:48 | Waiting for application startup.
2026-04-21 12:29:02,696 | uvicorn.error | INFO | .venv\Lib\site-packages\uvicorn\lifespan\on.py:62 | Application startup complete.
2026-04-21 12:29:09,597 | uvicorn.error | INFO | .venv\Lib\site-packages\uvicorn\server.py:272 | Shutting down
2026-04-21 12:29:09,700 | uvicorn.error | INFO | .venv\Lib\site-packages\uvicorn\lifespan\on.py:67 | Waiting for application shutdown.
2026-04-21 12:29:09,701 | uvicorn.error | INFO | .venv\Lib\site-packages\uvicorn\lifespan\on.py:76 | Application shutdown complete.
2026-04-21 12:29:09,702 | uvicorn.error | INFO | .venv\Lib\site-packages\uvicorn\server.py:102 | Finished server process [50372]
2026-04-21 12:29:15,043 | app | INFO | app\core\bootstrap.py:32 | -----------------Bootstrapping FastAPI-----------------
2026-04-21 12:29:15,047 | uvicorn.error | INFO | .venv\Lib\site-packages\uvicorn\server.py:92 | Started server process [3568]
2026-04-21 12:29:15,048 | uvicorn.error | INFO | .venv\Lib\site-packages\uvicorn\lifespan\on.py:48 | Waiting for application startup.
2026-04-21 12:29:15,050 | uvicorn.error | INFO | .venv\Lib\site-packages\uvicorn\lifespan\on.py:62 | Application startup complete.
2026-04-21 12:29:15,051 | uvicorn.error | INFO | .venv\Lib\site-packages\uvicorn\server.py:272 | Shutting down
2026-04-21 12:29:15,158 | uvicorn.error | INFO | .venv\Lib\site-packages\uvicorn\lifespan\on.py:67 | Waiting for application shutdown.
2026-04-21 12:29:15,160 | uvicorn.error | INFO | .venv\Lib\site-packages\uvicorn\lifespan\on.py:76 | Application shutdown complete.
2026-04-21 12:29:15,160 | uvicorn.error | INFO | .venv\Lib\site-packages\uvicorn\server.py:102 | Finished server process [3568]
2026-04-21 12:29:20,381 | app | INFO | app\core\bootstrap.py:32 | -----------------Bootstrapping FastAPI-----------------
2026-04-21 12:29:20,385 | uvicorn.error | INFO | .venv\Lib\site-packages\uvicorn\server.py:92 | Started server process [6676]
2026-04-21 12:29:20,385 | uvicorn.error | INFO | .venv\Lib\site-packages\uvicorn\lifespan\on.py:48 | Waiting for application startup.
2026-04-21 12:29:20,385 | uvicorn.error | INFO | .venv\Lib\site-packages\uvicorn\lifespan\on.py:62 | Application startup complete.
2026-04-21 12:29:21,640 | uvicorn.error | INFO | .venv\Lib\site-packages\uvicorn\server.py:272 | Shutting down
2026-04-21 12:29:21,756 | uvicorn.error | INFO | .venv\Lib\site-packages\uvicorn\lifespan\on.py:67 | Waiting for application shutdown.
2026-04-21 12:29:21,757 | uvicorn.error | INFO | .venv\Lib\site-packages\uvicorn\lifespan\on.py:76 | Application shutdown complete.
2026-04-21 12:29:21,758 | uvicorn.error | INFO | .venv\Lib\site-packages\uvicorn\server.py:102 | Finished server process [6676]
2026-04-21 12:29:26,809 | app | INFO | app\core\bootstrap.py:32 | -----------------Bootstrapping FastAPI-----------------
2026-04-21 12:29:26,813 | uvicorn.error | INFO | .venv\Lib\site-packages\uvicorn\server.py:92 | Started server process [23112]
2026-04-21 12:29:26,814 | uvicorn.error | INFO | .venv\Lib\site-packages\uvicorn\lifespan\on.py:48 | Waiting for application startup.
2026-04-21 12:29:26,816 | uvicorn.error | INFO | .venv\Lib\site-packages\uvicorn\lifespan\on.py:62 | Application startup complete.
2026-04-21 12:29:26,816 | uvicorn.error | INFO | .venv\Lib\site-packages\uvicorn\server.py:272 | Shutting down
2026-04-21 12:29:26,925 | uvicorn.error | INFO | .venv\Lib\site-packages\uvicorn\lifespan\on.py:67 | Waiting for application shutdown.
2026-04-21 12:29:26,926 | uvicorn.error | INFO | .venv\Lib\site-packages\uvicorn\lifespan\on.py:76 | Application shutdown complete.
2026-04-21 12:29:26,926 | uvicorn.error | INFO | .venv\Lib\site-packages\uvicorn\server.py:102 | Finished server process [23112]
2026-04-21 12:29:32,285 | app | INFO | app\core\bootstrap.py:32 | -----------------Bootstrapping FastAPI-----------------
2026-04-21 12:29:32,287 | uvicorn.error | INFO | .venv\Lib\site-packages\uvicorn\server.py:92 | Started server process [6628]
2026-04-21 12:29:32,287 | uvicorn.error | INFO | .venv\Lib\site-packages\uvicorn\lifespan\on.py:48 | Waiting for application startup.
2026-04-21 12:29:32,287 | uvicorn.error | INFO | .venv\Lib\site-packages\uvicorn\lifespan\on.py:62 | Application startup complete.
2026-04-21 12:29:32,289 | uvicorn.error | INFO | .venv\Lib\site-packages\uvicorn\server.py:272 | Shutting down
2026-04-21 12:29:32,392 | uvicorn.error | INFO | .venv\Lib\site-packages\uvicorn\lifespan\on.py:67 | Waiting for application shutdown.
2026-04-21 12:29:32,394 | uvicorn.error | INFO | .venv\Lib\site-packages\uvicorn\lifespan\on.py:76 | Application shutdown complete.
2026-04-21 12:29:32,396 | uvicorn.error | INFO | .venv\Lib\site-packages\uvicorn\server.py:102 | Finished server process [6628]
2026-04-21 12:29:37,977 | app | INFO | app\core\bootstrap.py:32 | -----------------Bootstrapping FastAPI-----------------
2026-04-21 12:29:37,977 | uvicorn.error | INFO | .venv\Lib\site-packages\uvicorn\server.py:92 | Started server process [7484]
2026-04-21 12:29:37,979 | uvicorn.error | INFO | .venv\Lib\site-packages\uvicorn\lifespan\on.py:48 | Waiting for application startup.
2026-04-21 12:29:37,981 | uvicorn.error | INFO | .venv\Lib\site-packages\uvicorn\lifespan\on.py:62 | Application startup complete.
2026-04-21 12:29:39,256 | uvicorn.error | INFO | .venv\Lib\site-packages\uvicorn\server.py:272 | Shutting down
2026-04-21 12:29:39,367 | uvicorn.error | INFO | .venv\Lib\site-packages\uvicorn\lifespan\on.py:67 | Waiting for application shutdown.
2026-04-21 12:29:39,367 | uvicorn.error | INFO | .venv\Lib\site-packages\uvicorn\lifespan\on.py:76 | Application shutdown complete.
2026-04-21 12:29:39,367 | uvicorn.error | INFO | .venv\Lib\site-packages\uvicorn\server.py:102 | Finished server process [7484]
2026-04-21 12:29:44,429 | app | INFO | app\core\bootstrap.py:32 | -----------------Bootstrapping FastAPI-----------------
2026-04-21 12:29:44,431 | uvicorn.error | INFO | .venv\Lib\site-packages\uvicorn\server.py:92 | Started server process [39368]
2026-04-21 12:29:44,433 | uvicorn.error | INFO | .venv\Lib\site-packages\uvicorn\lifespan\on.py:48 | Waiting for application startup.
2026-04-21 12:29:44,434 | uvicorn.error | INFO | .venv\Lib\site-packages\uvicorn\lifespan\on.py:62 | Application startup complete.
2026-04-21 12:29:52,349 | uvicorn.error | INFO | .venv\Lib\site-packages\uvicorn\server.py:272 | Shutting down
2026-04-21 12:29:52,466 | uvicorn.error | INFO | .venv\Lib\site-packages\uvicorn\lifespan\on.py:67 | Waiting for application shutdown.
2026-04-21 12:29:52,467 | uvicorn.error | INFO | .venv\Lib\site-packages\uvicorn\lifespan\on.py:76 | Application shutdown complete.
2026-04-21 12:29:52,467 | uvicorn.error | INFO | .venv\Lib\site-packages\uvicorn\server.py:102 | Finished server process [39368]
2026-04-21 12:29:57,531 | app | INFO | app\core\bootstrap.py:32 | -----------------Bootstrapping FastAPI-----------------
2026-04-21 12:29:57,536 | uvicorn.error | INFO | .venv\Lib\site-packages\uvicorn\server.py:92 | Started server process [32996]
2026-04-21 12:29:57,536 | uvicorn.error | INFO | .venv\Lib\site-packages\uvicorn\lifespan\on.py:48 | Waiting for application startup.
2026-04-21 12:29:57,536 | uvicorn.error | INFO | .venv\Lib\site-packages\uvicorn\lifespan\on.py:62 | Application startup complete.
2026-04-21 12:30:00,214 | uvicorn.error | INFO | .venv\Lib\site-packages\uvicorn\server.py:272 | Shutting down
2026-04-21 12:30:00,323 | uvicorn.error | INFO | .venv\Lib\site-packages\uvicorn\lifespan\on.py:67 | Waiting for application shutdown.
2026-04-21 12:30:00,325 | uvicorn.error | INFO | .venv\Lib\site-packages\uvicorn\lifespan\on.py:76 | Application shutdown complete.
2026-04-21 12:30:00,326 | uvicorn.error | INFO | .venv\Lib\site-packages\uvicorn\server.py:102 | Finished server process [32996]
2026-04-21 12:30:05,496 | app | INFO | app\core\bootstrap.py:32 | -----------------Bootstrapping FastAPI-----------------
2026-04-21 12:30:05,499 | uvicorn.error | INFO | .venv\Lib\site-packages\uvicorn\server.py:92 | Started server process [33524]
2026-04-21 12:30:05,499 | uvicorn.error | INFO | .venv\Lib\site-packages\uvicorn\lifespan\on.py:48 | Waiting for application startup.
2026-04-21 12:30:05,500 | uvicorn.error | INFO | .venv\Lib\site-packages\uvicorn\lifespan\on.py:62 | Application startup complete.
2026-04-21 12:30:05,501 | uvicorn.error | INFO | .venv\Lib\site-packages\uvicorn\server.py:272 | Shutting down
2026-04-21 12:30:05,607 | uvicorn.error | INFO | .venv\Lib\site-packages\uvicorn\lifespan\on.py:67 | Waiting for application shutdown.
2026-04-21 12:30:05,607 | uvicorn.error | INFO | .venv\Lib\site-packages\uvicorn\lifespan\on.py:76 | Application shutdown complete.
2026-04-21 12:30:05,608 | uvicorn.error | INFO | .venv\Lib\site-packages\uvicorn\server.py:102 | Finished server process [33524]
2026-04-21 12:30:10,584 | app | INFO | app\core\bootstrap.py:32 | -----------------Bootstrapping FastAPI-----------------
2026-04-21 12:30:10,586 | uvicorn.error | INFO | .venv\Lib\site-packages\uvicorn\server.py:92 | Started server process [50752]
2026-04-21 12:30:10,588 | uvicorn.error | INFO | .venv\Lib\site-packages\uvicorn\lifespan\on.py:48 | Waiting for application startup.
2026-04-21 12:30:10,590 | uvicorn.error | INFO | .venv\Lib\site-packages\uvicorn\lifespan\on.py:62 | Application startup complete.
2026-04-21 12:30:11,772 | uvicorn.error | INFO | .venv\Lib\site-packages\uvicorn\server.py:272 | Shutting down
2026-04-21 12:30:11,875 | uvicorn.error | INFO | .venv\Lib\site-packages\uvicorn\lifespan\on.py:67 | Waiting for application shutdown.
2026-04-21 12:30:11,875 | uvicorn.error | INFO | .venv\Lib\site-packages\uvicorn\lifespan\on.py:76 | Application shutdown complete.
2026-04-21 12:30:11,877 | uvicorn.error | INFO | .venv\Lib\site-packages\uvicorn\server.py:102 | Finished server process [50752]
2026-04-21 12:30:16,986 | app | INFO | app\core\bootstrap.py:32 | -----------------Bootstrapping FastAPI-----------------
2026-04-21 12:30:16,989 | uvicorn.error | INFO | .venv\Lib\site-packages\uvicorn\server.py:92 | Started server process [45228]
2026-04-21 12:30:16,990 | uvicorn.error | INFO | .venv\Lib\site-packages\uvicorn\lifespan\on.py:48 | Waiting for application startup.
2026-04-21 12:30:16,991 | uvicorn.error | INFO | .venv\Lib\site-packages\uvicorn\lifespan\on.py:62 | Application startup complete.
2026-04-21 12:30:34,505 | uvicorn.error | INFO | .venv\Lib\site-packages\uvicorn\server.py:272 | Shutting down
2026-04-21 12:30:34,613 | uvicorn.error | INFO | .venv\Lib\site-packages\uvicorn\lifespan\on.py:67 | Waiting for application shutdown.
2026-04-21 12:30:34,615 | uvicorn.error | INFO | .venv\Lib\site-packages\uvicorn\lifespan\on.py:76 | Application shutdown complete.
2026-04-21 12:30:34,616 | uvicorn.error | INFO | .venv\Lib\site-packages\uvicorn\server.py:102 | Finished server process [45228]
2026-04-21 12:30:40,065 | app | INFO | app\core\bootstrap.py:32 | -----------------Bootstrapping FastAPI-----------------
2026-04-21 12:30:40,068 | uvicorn.error | INFO | .venv\Lib\site-packages\uvicorn\server.py:92 | Started server process [47352]
2026-04-21 12:30:40,070 | uvicorn.error | INFO | .venv\Lib\site-packages\uvicorn\lifespan\on.py:48 | Waiting for application startup.
2026-04-21 12:30:40,071 | uvicorn.error | INFO | .venv\Lib\site-packages\uvicorn\lifespan\on.py:62 | Application startup complete.
2026-04-21 12:30:41,254 | uvicorn.error | INFO | .venv\Lib\site-packages\uvicorn\server.py:272 | Shutting down
2026-04-21 12:30:41,359 | uvicorn.error | INFO | .venv\Lib\site-packages\uvicorn\lifespan\on.py:67 | Waiting for application shutdown.
2026-04-21 12:30:41,359 | uvicorn.error | INFO | .venv\Lib\site-packages\uvicorn\lifespan\on.py:76 | Application shutdown complete.
2026-04-21 12:30:41,359 | uvicorn.error | INFO | .venv\Lib\site-packages\uvicorn\server.py:102 | Finished server process [47352]
2026-04-21 12:30:46,452 | app | INFO | app\core\bootstrap.py:32 | -----------------Bootstrapping FastAPI-----------------
2026-04-21 12:30:46,452 | uvicorn.error | INFO | .venv\Lib\site-packages\uvicorn\server.py:92 | Started server process [43060]
2026-04-21 12:30:46,454 | uvicorn.error | INFO | .venv\Lib\site-packages\uvicorn\lifespan\on.py:48 | Waiting for application startup.
2026-04-21 12:30:46,456 | uvicorn.error | INFO | .venv\Lib\site-packages\uvicorn\lifespan\on.py:62 | Application startup complete.
2026-04-21 12:30:49,396 | uvicorn.error | INFO | .venv\Lib\site-packages\uvicorn\server.py:272 | Shutting down
2026-04-21 12:30:49,510 | uvicorn.error | INFO | .venv\Lib\site-packages\uvicorn\lifespan\on.py:67 | Waiting for application shutdown.
2026-04-21 12:30:49,512 | uvicorn.error | INFO | .venv\Lib\site-packages\uvicorn\lifespan\on.py:76 | Application shutdown complete.
2026-04-21 12:30:49,512 | uvicorn.error | INFO | .venv\Lib\site-packages\uvicorn\server.py:102 | Finished server process [43060]
2026-04-21 12:30:54,892 | app | INFO | app\core\bootstrap.py:32 | -----------------Bootstrapping FastAPI-----------------
2026-04-21 12:30:54,895 | uvicorn.error | INFO | .venv\Lib\site-packages\uvicorn\server.py:92 | Started server process [46140]
2026-04-21 12:30:54,896 | uvicorn.error | INFO | .venv\Lib\site-packages\uvicorn\lifespan\on.py:48 | Waiting for application startup.
2026-04-21 12:30:54,899 | uvicorn.error | INFO | .venv\Lib\site-packages\uvicorn\lifespan\on.py:62 | Application startup complete.
2026-04-21 12:30:54,900 | uvicorn.error | INFO | .venv\Lib\site-packages\uvicorn\server.py:272 | Shutting down
2026-04-21 12:30:55,010 | uvicorn.error | INFO | .venv\Lib\site-packages\uvicorn\lifespan\on.py:67 | Waiting for application shutdown.
2026-04-21 12:30:55,012 | uvicorn.error | INFO | .venv\Lib\site-packages\uvicorn\lifespan\on.py:76 | Application shutdown complete.
2026-04-21 12:30:55,014 | uvicorn.error | INFO | .venv\Lib\site-packages\uvicorn\server.py:102 | Finished server process [46140]
2026-04-21 12:30:59,994 | app | INFO | app\core\bootstrap.py:32 | -----------------Bootstrapping FastAPI-----------------
2026-04-21 12:30:59,997 | uvicorn.error | INFO | .venv\Lib\site-packages\uvicorn\server.py:92 | Started server process [22724]
2026-04-21 12:30:59,998 | uvicorn.error | INFO | .venv\Lib\site-packages\uvicorn\lifespan\on.py:48 | Waiting for application startup.
2026-04-21 12:30:59,998 | uvicorn.error | INFO | .venv\Lib\site-packages\uvicorn\lifespan\on.py:62 | Application startup complete.
2026-04-21 12:31:00,000 | uvicorn.error | INFO | .venv\Lib\site-packages\uvicorn\server.py:272 | Shutting down
2026-04-21 12:31:00,104 | uvicorn.error | INFO | .venv\Lib\site-packages\uvicorn\lifespan\on.py:67 | Waiting for application shutdown.
2026-04-21 12:31:00,105 | uvicorn.error | INFO | .venv\Lib\site-packages\uvicorn\lifespan\on.py:76 | Application shutdown complete.
2026-04-21 12:31:00,105 | uvicorn.error | INFO | .venv\Lib\site-packages\uvicorn\server.py:102 | Finished server process [22724]
2026-04-21 12:31:05,361 | app | INFO | app\core\bootstrap.py:32 | -----------------Bootstrapping FastAPI-----------------
2026-04-21 12:31:05,365 | uvicorn.error | INFO | .venv\Lib\site-packages\uvicorn\server.py:92 | Started server process [52612]
2026-04-21 12:31:05,365 | uvicorn.error | INFO | .venv\Lib\site-packages\uvicorn\lifespan\on.py:48 | Waiting for application startup.
2026-04-21 12:31:05,366 | uvicorn.error | INFO | .venv\Lib\site-packages\uvicorn\lifespan\on.py:62 | Application startup complete.
2026-04-21 12:31:05,367 | uvicorn.error | INFO | .venv\Lib\site-packages\uvicorn\server.py:272 | Shutting down
2026-04-21 12:31:05,482 | uvicorn.error | INFO | .venv\Lib\site-packages\uvicorn\lifespan\on.py:67 | Waiting for application shutdown.
2026-04-21 12:31:05,485 | uvicorn.error | INFO | .venv\Lib\site-packages\uvicorn\lifespan\on.py:76 | Application shutdown complete.
2026-04-21 12:31:05,487 | uvicorn.error | INFO | .venv\Lib\site-packages\uvicorn\server.py:102 | Finished server process [52612]
2026-04-21 12:31:11,318 | app | INFO | app\core\bootstrap.py:32 | -----------------Bootstrapping FastAPI-----------------
2026-04-21 12:31:11,318 | uvicorn.error | INFO | .venv\Lib\site-packages\uvicorn\server.py:92 | Started server process [34236]
2026-04-21 12:31:11,321 | uvicorn.error | INFO | .venv\Lib\site-packages\uvicorn\lifespan\on.py:48 | Waiting for application startup.
2026-04-21 12:31:11,321 | uvicorn.error | INFO | .venv\Lib\site-packages\uvicorn\lifespan\on.py:62 | Application startup complete.
2026-04-21 12:31:20,857 | uvicorn.error | INFO | .venv\Lib\site-packages\uvicorn\server.py:272 | Shutting down
2026-04-21 12:31:20,971 | uvicorn.error | INFO | .venv\Lib\site-packages\uvicorn\lifespan\on.py:67 | Waiting for application shutdown.
2026-04-21 12:31:20,973 | uvicorn.error | INFO | .venv\Lib\site-packages\uvicorn\lifespan\on.py:76 | Application shutdown complete.
2026-04-21 12:31:20,973 | uvicorn.error | INFO | .venv\Lib\site-packages\uvicorn\server.py:102 | Finished server process [34236]
2026-04-21 12:31:26,168 | app | INFO | app\core\bootstrap.py:32 | -----------------Bootstrapping FastAPI-----------------
2026-04-21 12:31:26,171 | uvicorn.error | INFO | .venv\Lib\site-packages\uvicorn\server.py:92 | Started server process [52372]
2026-04-21 12:31:26,171 | uvicorn.error | INFO | .venv\Lib\site-packages\uvicorn\lifespan\on.py:48 | Waiting for application startup.
2026-04-21 12:31:26,173 | uvicorn.error | INFO | .venv\Lib\site-packages\uvicorn\lifespan\on.py:62 | Application startup complete.
2026-04-21 12:31:27,135 | uvicorn.error | INFO | .venv\Lib\site-packages\uvicorn\server.py:272 | Shutting down
2026-04-21 12:31:27,252 | uvicorn.error | INFO | .venv\Lib\site-packages\uvicorn\lifespan\on.py:67 | Waiting for application shutdown.
2026-04-21 12:31:27,253 | uvicorn.error | INFO | .venv\Lib\site-packages\uvicorn\lifespan\on.py:76 | Application shutdown complete.
2026-04-21 12:31:27,253 | uvicorn.error | INFO | .venv\Lib\site-packages\uvicorn\server.py:102 | Finished server process [52372]
2026-04-21 12:31:32,448 | app | INFO | app\core\bootstrap.py:32 | -----------------Bootstrapping FastAPI-----------------
2026-04-21 12:31:32,452 | uvicorn.error | INFO | .venv\Lib\site-packages\uvicorn\server.py:92 | Started server process [54232]
2026-04-21 12:31:32,454 | uvicorn.error | INFO | .venv\Lib\site-packages\uvicorn\lifespan\on.py:48 | Waiting for application startup.
2026-04-21 12:31:32,454 | uvicorn.error | INFO | .venv\Lib\site-packages\uvicorn\lifespan\on.py:62 | Application startup complete.
2026-04-21 12:31:33,732 | uvicorn.error | INFO | .venv\Lib\site-packages\uvicorn\server.py:272 | Shutting down
2026-04-21 12:31:33,847 | uvicorn.error | INFO | .venv\Lib\site-packages\uvicorn\lifespan\on.py:67 | Waiting for application shutdown.
2026-04-21 12:31:33,850 | uvicorn.error | INFO | .venv\Lib\site-packages\uvicorn\lifespan\on.py:76 | Application shutdown complete.
2026-04-21 12:31:33,852 | uvicorn.error | INFO | .venv\Lib\site-packages\uvicorn\server.py:102 | Finished server process [54232]
2026-04-21 12:31:39,144 | app | INFO | app\core\bootstrap.py:32 | -----------------Bootstrapping FastAPI-----------------
2026-04-21 12:31:39,146 | uvicorn.error | INFO | .venv\Lib\site-packages\uvicorn\server.py:92 | Started server process [51464]
2026-04-21 12:31:39,147 | uvicorn.error | INFO | .venv\Lib\site-packages\uvicorn\lifespan\on.py:48 | Waiting for application startup.
2026-04-21 12:31:39,148 | uvicorn.error | INFO | .venv\Lib\site-packages\uvicorn\lifespan\on.py:62 | Application startup complete.
2026-04-21 12:31:39,148 | uvicorn.error | INFO | .venv\Lib\site-packages\uvicorn\server.py:272 | Shutting down
2026-04-21 12:31:39,261 | uvicorn.error | INFO | .venv\Lib\site-packages\uvicorn\lifespan\on.py:67 | Waiting for application shutdown.
2026-04-21 12:31:39,263 | uvicorn.error | INFO | .venv\Lib\site-packages\uvicorn\lifespan\on.py:76 | Application shutdown complete.
2026-04-21 12:31:39,263 | uvicorn.error | INFO | .venv\Lib\site-packages\uvicorn\server.py:102 | Finished server process [51464]
2026-04-21 12:31:44,108 | app | INFO | app\core\bootstrap.py:32 | -----------------Bootstrapping FastAPI-----------------
2026-04-21 12:31:44,109 | uvicorn.error | INFO | .venv\Lib\site-packages\uvicorn\server.py:92 | Started server process [25376]
2026-04-21 12:31:44,109 | uvicorn.error | INFO | .venv\Lib\site-packages\uvicorn\lifespan\on.py:48 | Waiting for application startup.
2026-04-21 12:31:44,113 | uvicorn.error | INFO | .venv\Lib\site-packages\uvicorn\lifespan\on.py:62 | Application startup complete.
2026-04-21 12:31:55,439 | uvicorn.error | INFO | .venv\Lib\site-packages\uvicorn\server.py:272 | Shutting down
2026-04-21 12:31:55,556 | uvicorn.error | INFO | .venv\Lib\site-packages\uvicorn\lifespan\on.py:67 | Waiting for application shutdown.
2026-04-21 12:31:55,556 | uvicorn.error | INFO | .venv\Lib\site-packages\uvicorn\lifespan\on.py:76 | Application shutdown complete.
2026-04-21 12:31:55,563 | uvicorn.error | INFO | .venv\Lib\site-packages\uvicorn\server.py:102 | Finished server process [25376]
2026-04-21 12:32:00,508 | app | INFO | app\core\bootstrap.py:32 | -----------------Bootstrapping FastAPI-----------------
2026-04-21 12:32:00,510 | uvicorn.error | INFO | .venv\Lib\site-packages\uvicorn\server.py:92 | Started server process [9240]
2026-04-21 12:32:00,511 | uvicorn.error | INFO | .venv\Lib\site-packages\uvicorn\lifespan\on.py:48 | Waiting for application startup.
2026-04-21 12:32:00,512 | uvicorn.error | INFO | .venv\Lib\site-packages\uvicorn\lifespan\on.py:62 | Application startup complete.
2026-04-21 12:32:13,867 | uvicorn.error | INFO | .venv\Lib\site-packages\uvicorn\server.py:272 | Shutting down
2026-04-21 12:32:13,979 | uvicorn.error | INFO | .venv\Lib\site-packages\uvicorn\lifespan\on.py:67 | Waiting for application shutdown.
2026-04-21 12:32:13,981 | uvicorn.error | INFO | .venv\Lib\site-packages\uvicorn\lifespan\on.py:76 | Application shutdown complete.
2026-04-21 12:32:13,982 | uvicorn.error | INFO | .venv\Lib\site-packages\uvicorn\server.py:102 | Finished server process [9240]
2026-04-21 12:32:19,032 | app | INFO | app\core\bootstrap.py:32 | -----------------Bootstrapping FastAPI-----------------
2026-04-21 12:32:19,032 | uvicorn.error | INFO | .venv\Lib\site-packages\uvicorn\server.py:92 | Started server process [54548]
2026-04-21 12:32:19,035 | uvicorn.error | INFO | .venv\Lib\site-packages\uvicorn\lifespan\on.py:48 | Waiting for application startup.
2026-04-21 12:32:19,037 | uvicorn.error | INFO | .venv\Lib\site-packages\uvicorn\lifespan\on.py:62 | Application startup complete.
2026-04-21 12:32:23,765 | uvicorn.error | INFO | .venv\Lib\site-packages\uvicorn\server.py:272 | Shutting down
2026-04-21 12:32:23,881 | uvicorn.error | INFO | .venv\Lib\site-packages\uvicorn\lifespan\on.py:67 | Waiting for application shutdown.
2026-04-21 12:32:23,882 | uvicorn.error | INFO | .venv\Lib\site-packages\uvicorn\lifespan\on.py:76 | Application shutdown complete.
2026-04-21 12:32:23,883 | uvicorn.error | INFO | .venv\Lib\site-packages\uvicorn\server.py:102 | Finished server process [54548]
2026-04-21 12:32:29,106 | app | INFO | app\core\bootstrap.py:32 | -----------------Bootstrapping FastAPI-----------------
2026-04-21 12:32:29,110 | uvicorn.error | INFO | .venv\Lib\site-packages\uvicorn\server.py:92 | Started server process [47684]
2026-04-21 12:32:29,110 | uvicorn.error | INFO | .venv\Lib\site-packages\uvicorn\lifespan\on.py:48 | Waiting for application startup.
2026-04-21 12:32:29,112 | uvicorn.error | INFO | .venv\Lib\site-packages\uvicorn\lifespan\on.py:62 | Application startup complete.
2026-04-21 12:32:41,210 | uvicorn.error | INFO | .venv\Lib\site-packages\uvicorn\server.py:272 | Shutting down
2026-04-21 12:32:41,313 | uvicorn.error | INFO | .venv\Lib\site-packages\uvicorn\lifespan\on.py:67 | Waiting for application shutdown.
2026-04-21 12:32:41,314 | uvicorn.error | INFO | .venv\Lib\site-packages\uvicorn\lifespan\on.py:76 | Application shutdown complete.
2026-04-21 12:32:41,314 | uvicorn.error | INFO | .venv\Lib\site-packages\uvicorn\server.py:102 | Finished server process [47684]
2026-04-21 12:32:46,555 | app | INFO | app\core\bootstrap.py:32 | -----------------Bootstrapping FastAPI-----------------
2026-04-21 12:32:46,556 | uvicorn.error | INFO | .venv\Lib\site-packages\uvicorn\server.py:92 | Started server process [23252]
2026-04-21 12:32:46,559 | uvicorn.error | INFO | .venv\Lib\site-packages\uvicorn\lifespan\on.py:48 | Waiting for application startup.
2026-04-21 12:32:46,561 | uvicorn.error | INFO | .venv\Lib\site-packages\uvicorn\lifespan\on.py:62 | Application startup complete.
2026-04-21 12:32:46,561 | uvicorn.error | INFO | .venv\Lib\site-packages\uvicorn\server.py:272 | Shutting down
2026-04-21 12:32:46,673 | uvicorn.error | INFO | .venv\Lib\site-packages\uvicorn\lifespan\on.py:67 | Waiting for application shutdown.
2026-04-21 12:32:46,675 | uvicorn.error | INFO | .venv\Lib\site-packages\uvicorn\lifespan\on.py:76 | Application shutdown complete.
2026-04-21 12:32:46,677 | uvicorn.error | INFO | .venv\Lib\site-packages\uvicorn\server.py:102 | Finished server process [23252]
2026-04-21 12:32:52,137 | app | INFO | app\core\bootstrap.py:32 | -----------------Bootstrapping FastAPI-----------------
2026-04-21 12:32:52,140 | uvicorn.error | INFO | .venv\Lib\site-packages\uvicorn\server.py:92 | Started server process [30504]
2026-04-21 12:32:52,141 | uvicorn.error | INFO | .venv\Lib\site-packages\uvicorn\lifespan\on.py:48 | Waiting for application startup.
2026-04-21 12:32:52,141 | uvicorn.error | INFO | .venv\Lib\site-packages\uvicorn\lifespan\on.py:62 | Application startup complete.
2026-04-21 12:32:53,311 | uvicorn.error | INFO | .venv\Lib\site-packages\uvicorn\server.py:272 | Shutting down
2026-04-21 12:32:53,422 | uvicorn.error | INFO | .venv\Lib\site-packages\uvicorn\lifespan\on.py:67 | Waiting for application shutdown.
2026-04-21 12:32:53,424 | uvicorn.error | INFO | .venv\Lib\site-packages\uvicorn\lifespan\on.py:76 | Application shutdown complete.
2026-04-21 12:32:53,425 | uvicorn.error | INFO | .venv\Lib\site-packages\uvicorn\server.py:102 | Finished server process [30504]
2026-04-21 12:32:58,580 | app | INFO | app\core\bootstrap.py:32 | -----------------Bootstrapping FastAPI-----------------
2026-04-21 12:32:58,584 | uvicorn.error | INFO | .venv\Lib\site-packages\uvicorn\server.py:92 | Started server process [54284]
2026-04-21 12:32:58,584 | uvicorn.error | INFO | .venv\Lib\site-packages\uvicorn\lifespan\on.py:48 | Waiting for application startup.
2026-04-21 12:32:58,584 | uvicorn.error | INFO | .venv\Lib\site-packages\uvicorn\lifespan\on.py:62 | Application startup complete.
2026-04-21 12:32:59,983 | uvicorn.error | INFO | .venv\Lib\site-packages\uvicorn\server.py:272 | Shutting down
2026-04-21 12:33:00,090 | uvicorn.error | INFO | .venv\Lib\site-packages\uvicorn\lifespan\on.py:67 | Waiting for application shutdown.
2026-04-21 12:33:00,092 | uvicorn.error | INFO | .venv\Lib\site-packages\uvicorn\lifespan\on.py:76 | Application shutdown complete.
2026-04-21 12:33:00,092 | uvicorn.error | INFO | .venv\Lib\site-packages\uvicorn\server.py:102 | Finished server process [54284]
2026-04-21 12:33:05,439 | app | INFO | app\core\bootstrap.py:32 | -----------------Bootstrapping FastAPI-----------------
2026-04-21 12:33:05,441 | uvicorn.error | INFO | .venv\Lib\site-packages\uvicorn\server.py:92 | Started server process [29292]
2026-04-21 12:33:05,441 | uvicorn.error | INFO | .venv\Lib\site-packages\uvicorn\lifespan\on.py:48 | Waiting for application startup.
2026-04-21 12:33:05,442 | uvicorn.error | INFO | .venv\Lib\site-packages\uvicorn\lifespan\on.py:62 | Application startup complete.
2026-04-21 12:33:05,442 | uvicorn.error | INFO | .venv\Lib\site-packages\uvicorn\server.py:272 | Shutting down
2026-04-21 12:33:05,553 | uvicorn.error | INFO | .venv\Lib\site-packages\uvicorn\lifespan\on.py:67 | Waiting for application shutdown.
2026-04-21 12:33:05,554 | uvicorn.error | INFO | .venv\Lib\site-packages\uvicorn\lifespan\on.py:76 | Application shutdown complete.
2026-04-21 12:33:05,555 | uvicorn.error | INFO | .venv\Lib\site-packages\uvicorn\server.py:102 | Finished server process [29292]
2026-04-21 12:33:10,274 | app | INFO | app\core\bootstrap.py:32 | -----------------Bootstrapping FastAPI-----------------
2026-04-21 12:33:10,278 | uvicorn.error | INFO | .venv\Lib\site-packages\uvicorn\server.py:92 | Started server process [29856]
2026-04-21 12:33:10,278 | uvicorn.error | INFO | .venv\Lib\site-packages\uvicorn\lifespan\on.py:48 | Waiting for application startup.
2026-04-21 12:33:10,278 | uvicorn.error | INFO | .venv\Lib\site-packages\uvicorn\lifespan\on.py:62 | Application startup complete.
2026-04-21 12:33:54,135 | uvicorn.error | INFO | .venv\Lib\site-packages\uvicorn\server.py:272 | Shutting down
2026-04-21 12:33:54,238 | uvicorn.error | INFO | .venv\Lib\site-packages\uvicorn\lifespan\on.py:67 | Waiting for application shutdown.
2026-04-21 12:33:54,239 | uvicorn.error | INFO | .venv\Lib\site-packages\uvicorn\lifespan\on.py:76 | Application shutdown complete.
2026-04-21 12:33:54,240 | uvicorn.error | INFO | .venv\Lib\site-packages\uvicorn\server.py:102 | Finished server process [29856]
2026-04-21 12:33:59,790 | app | INFO | app\core\bootstrap.py:32 | -----------------Bootstrapping FastAPI-----------------
2026-04-21 12:33:59,793 | uvicorn.error | INFO | .venv\Lib\site-packages\uvicorn\server.py:92 | Started server process [31364]
2026-04-21 12:33:59,793 | uvicorn.error | INFO | .venv\Lib\site-packages\uvicorn\lifespan\on.py:48 | Waiting for application startup.
2026-04-21 12:33:59,795 | uvicorn.error | INFO | .venv\Lib\site-packages\uvicorn\lifespan\on.py:62 | Application startup complete.
2026-04-21 12:33:59,796 | uvicorn.error | INFO | .venv\Lib\site-packages\uvicorn\server.py:272 | Shutting down
2026-04-21 12:33:59,911 | uvicorn.error | INFO | .venv\Lib\site-packages\uvicorn\lifespan\on.py:67 | Waiting for application shutdown.
2026-04-21 12:33:59,913 | uvicorn.error | INFO | .venv\Lib\site-packages\uvicorn\lifespan\on.py:76 | Application shutdown complete.
2026-04-21 12:33:59,914 | uvicorn.error | INFO | .venv\Lib\site-packages\uvicorn\server.py:102 | Finished server process [31364]
2026-04-21 12:34:04,765 | app | INFO | app\core\bootstrap.py:32 | -----------------Bootstrapping FastAPI-----------------
2026-04-21 12:34:04,767 | uvicorn.error | INFO | .venv\Lib\site-packages\uvicorn\server.py:92 | Started server process [37536]
2026-04-21 12:34:04,767 | uvicorn.error | INFO | .venv\Lib\site-packages\uvicorn\lifespan\on.py:48 | Waiting for application startup.
2026-04-21 12:34:04,769 | uvicorn.error | INFO | .venv\Lib\site-packages\uvicorn\lifespan\on.py:62 | Application startup complete.
2026-04-21 12:34:08,198 | uvicorn.error | INFO | .venv\Lib\site-packages\uvicorn\server.py:272 | Shutting down
2026-04-21 12:34:08,306 | uvicorn.error | INFO | .venv\Lib\site-packages\uvicorn\lifespan\on.py:67 | Waiting for application shutdown.
2026-04-21 12:34:08,307 | uvicorn.error | INFO | .venv\Lib\site-packages\uvicorn\lifespan\on.py:76 | Application shutdown complete.
2026-04-21 12:34:08,308 | uvicorn.error | INFO | .venv\Lib\site-packages\uvicorn\server.py:102 | Finished server process [37536]
2026-04-21 12:34:13,473 | app | INFO | app\core\bootstrap.py:32 | -----------------Bootstrapping FastAPI-----------------
2026-04-21 12:34:13,475 | uvicorn.error | INFO | .venv\Lib\site-packages\uvicorn\server.py:92 | Started server process [24844]
2026-04-21 12:34:13,475 | uvicorn.error | INFO | .venv\Lib\site-packages\uvicorn\lifespan\on.py:48 | Waiting for application startup.
2026-04-21 12:34:13,475 | uvicorn.error | INFO | .venv\Lib\site-packages\uvicorn\lifespan\on.py:62 | Application startup complete.
2026-04-21 12:34:27,160 | uvicorn.error | INFO | .venv\Lib\site-packages\uvicorn\server.py:272 | Shutting down
2026-04-21 12:34:27,275 | uvicorn.error | INFO | .venv\Lib\site-packages\uvicorn\lifespan\on.py:67 | Waiting for application shutdown.
2026-04-21 12:34:27,278 | uvicorn.error | INFO | .venv\Lib\site-packages\uvicorn\lifespan\on.py:76 | Application shutdown complete.
2026-04-21 12:34:27,278 | uvicorn.error | INFO | .venv\Lib\site-packages\uvicorn\server.py:102 | Finished server process [24844]
2026-04-21 12:34:32,873 | app | INFO | app\core\bootstrap.py:32 | -----------------Bootstrapping FastAPI-----------------
2026-04-21 12:34:32,875 | uvicorn.error | INFO | .venv\Lib\site-packages\uvicorn\server.py:92 | Started server process [24956]
2026-04-21 12:34:32,875 | uvicorn.error | INFO | .venv\Lib\site-packages\uvicorn\lifespan\on.py:48 | Waiting for application startup.
2026-04-21 12:34:32,877 | uvicorn.error | INFO | .venv\Lib\site-packages\uvicorn\lifespan\on.py:62 | Application startup complete.
2026-04-21 12:34:35,994 | uvicorn.error | INFO | .venv\Lib\site-packages\uvicorn\server.py:272 | Shutting down
2026-04-21 12:34:36,104 | uvicorn.error | INFO | .venv\Lib\site-packages\uvicorn\lifespan\on.py:67 | Waiting for application shutdown.
2026-04-21 12:34:36,106 | uvicorn.error | INFO | .venv\Lib\site-packages\uvicorn\lifespan\on.py:76 | Application shutdown complete.
2026-04-21 12:34:36,108 | uvicorn.error | INFO | .venv\Lib\site-packages\uvicorn\server.py:102 | Finished server process [24956]
2026-04-21 12:34:41,625 | app | INFO | app\core\bootstrap.py:32 | -----------------Bootstrapping FastAPI-----------------
2026-04-21 12:34:41,628 | uvicorn.error | INFO | .venv\Lib\site-packages\uvicorn\server.py:92 | Started server process [7884]
2026-04-21 12:34:41,629 | uvicorn.error | INFO | .venv\Lib\site-packages\uvicorn\lifespan\on.py:48 | Waiting for application startup.
2026-04-21 12:34:41,629 | uvicorn.error | INFO | .venv\Lib\site-packages\uvicorn\lifespan\on.py:62 | Application startup complete.
2026-04-21 12:34:41,629 | uvicorn.error | INFO | .venv\Lib\site-packages\uvicorn\server.py:272 | Shutting down
2026-04-21 12:34:41,731 | uvicorn.error | INFO | .venv\Lib\site-packages\uvicorn\lifespan\on.py:67 | Waiting for application shutdown.
2026-04-21 12:34:41,731 | uvicorn.error | INFO | .venv\Lib\site-packages\uvicorn\lifespan\on.py:76 | Application shutdown complete.
2026-04-21 12:34:41,731 | uvicorn.error | INFO | .venv\Lib\site-packages\uvicorn\server.py:102 | Finished server process [7884]
2026-04-21 12:34:47,086 | app | INFO | app\core\bootstrap.py:32 | -----------------Bootstrapping FastAPI-----------------
2026-04-21 12:34:47,089 | uvicorn.error | INFO | .venv\Lib\site-packages\uvicorn\server.py:92 | Started server process [54060]
2026-04-21 12:34:47,089 | uvicorn.error | INFO | .venv\Lib\site-packages\uvicorn\lifespan\on.py:48 | Waiting for application startup.
2026-04-21 12:34:47,092 | uvicorn.error | INFO | .venv\Lib\site-packages\uvicorn\lifespan\on.py:62 | Application startup complete.
2026-04-21 12:34:50,183 | uvicorn.error | INFO | .venv\Lib\site-packages\uvicorn\server.py:272 | Shutting down
2026-04-21 12:34:50,286 | uvicorn.error | INFO | .venv\Lib\site-packages\uvicorn\lifespan\on.py:67 | Waiting for application shutdown.
2026-04-21 12:34:50,290 | uvicorn.error | INFO | .venv\Lib\site-packages\uvicorn\lifespan\on.py:76 | Application shutdown complete.
2026-04-21 12:34:50,292 | uvicorn.error | INFO | .venv\Lib\site-packages\uvicorn\server.py:102 | Finished server process [54060]
2026-04-21 12:34:55,316 | app | INFO | app\core\bootstrap.py:32 | -----------------Bootstrapping FastAPI-----------------
2026-04-21 12:34:55,319 | uvicorn.error | INFO | .venv\Lib\site-packages\uvicorn\server.py:92 | Started server process [49200]
2026-04-21 12:34:55,320 | uvicorn.error | INFO | .venv\Lib\site-packages\uvicorn\lifespan\on.py:48 | Waiting for application startup.
2026-04-21 12:34:55,320 | uvicorn.error | INFO | .venv\Lib\site-packages\uvicorn\lifespan\on.py:62 | Application startup complete.
2026-04-21 12:34:58,546 | uvicorn.error | INFO | .venv\Lib\site-packages\uvicorn\server.py:272 | Shutting down
2026-04-21 12:34:58,654 | uvicorn.error | INFO | .venv\Lib\site-packages\uvicorn\lifespan\on.py:67 | Waiting for application shutdown.
2026-04-21 12:34:58,655 | uvicorn.error | INFO | .venv\Lib\site-packages\uvicorn\lifespan\on.py:76 | Application shutdown complete.
2026-04-21 12:34:58,656 | uvicorn.error | INFO | .venv\Lib\site-packages\uvicorn\server.py:102 | Finished server process [49200]
2026-04-21 12:35:03,977 | app | INFO | app\core\bootstrap.py:32 | -----------------Bootstrapping FastAPI-----------------
2026-04-21 12:35:03,981 | uvicorn.error | INFO | .venv\Lib\site-packages\uvicorn\server.py:92 | Started server process [7868]
2026-04-21 12:35:03,984 | uvicorn.error | INFO | .venv\Lib\site-packages\uvicorn\lifespan\on.py:48 | Waiting for application startup.
2026-04-21 12:35:03,984 | uvicorn.error | INFO | .venv\Lib\site-packages\uvicorn\lifespan\on.py:62 | Application startup complete.
2026-04-21 12:35:10,818 | uvicorn.error | INFO | .venv\Lib\site-packages\uvicorn\server.py:272 | Shutting down
2026-04-21 12:35:10,926 | uvicorn.error | INFO | .venv\Lib\site-packages\uvicorn\lifespan\on.py:67 | Waiting for application shutdown.
2026-04-21 12:35:10,927 | uvicorn.error | INFO | .venv\Lib\site-packages\uvicorn\lifespan\on.py:76 | Application shutdown complete.
2026-04-21 12:35:10,929 | uvicorn.error | INFO | .venv\Lib\site-packages\uvicorn\server.py:102 | Finished server process [7868]
2026-04-21 12:35:16,302 | app | INFO | app\core\bootstrap.py:32 | -----------------Bootstrapping FastAPI-----------------
2026-04-21 12:35:16,305 | uvicorn.error | INFO | .venv\Lib\site-packages\uvicorn\server.py:92 | Started server process [25260]
2026-04-21 12:35:16,306 | uvicorn.error | INFO | .venv\Lib\site-packages\uvicorn\lifespan\on.py:48 | Waiting for application startup.
2026-04-21 12:35:16,307 | uvicorn.error | INFO | .venv\Lib\site-packages\uvicorn\lifespan\on.py:62 | Application startup complete.
2026-04-21 12:35:24,611 | uvicorn.error | INFO | .venv\Lib\site-packages\uvicorn\server.py:272 | Shutting down
2026-04-21 12:35:24,722 | uvicorn.error | INFO | .venv\Lib\site-packages\uvicorn\lifespan\on.py:67 | Waiting for application shutdown.
2026-04-21 12:35:24,724 | uvicorn.error | INFO | .venv\Lib\site-packages\uvicorn\lifespan\on.py:76 | Application shutdown complete.
2026-04-21 12:35:24,725 | uvicorn.error | INFO | .venv\Lib\site-packages\uvicorn\server.py:102 | Finished server process [25260]
2026-04-21 12:35:30,100 | app | INFO | app\core\bootstrap.py:32 | -----------------Bootstrapping FastAPI-----------------
2026-04-21 12:35:30,103 | uvicorn.error | INFO | .venv\Lib\site-packages\uvicorn\server.py:92 | Started server process [36000]
2026-04-21 12:35:30,103 | uvicorn.error | INFO | .venv\Lib\site-packages\uvicorn\lifespan\on.py:48 | Waiting for application startup.
2026-04-21 12:35:30,104 | uvicorn.error | INFO | .venv\Lib\site-packages\uvicorn\lifespan\on.py:62 | Application startup complete.
2026-04-21 12:35:30,106 | uvicorn.error | INFO | .venv\Lib\site-packages\uvicorn\server.py:272 | Shutting down
2026-04-21 12:35:30,206 | uvicorn.error | INFO | .venv\Lib\site-packages\uvicorn\lifespan\on.py:67 | Waiting for application shutdown.
2026-04-21 12:35:30,207 | uvicorn.error | INFO | .venv\Lib\site-packages\uvicorn\lifespan\on.py:76 | Application shutdown complete.
2026-04-21 12:35:30,207 | uvicorn.error | INFO | .venv\Lib\site-packages\uvicorn\server.py:102 | Finished server process [36000]
2026-04-21 12:35:35,454 | app | INFO | app\core\bootstrap.py:32 | -----------------Bootstrapping FastAPI-----------------
2026-04-21 12:35:35,457 | uvicorn.error | INFO | .venv\Lib\site-packages\uvicorn\server.py:92 | Started server process [38088]
2026-04-21 12:35:35,458 | uvicorn.error | INFO | .venv\Lib\site-packages\uvicorn\lifespan\on.py:48 | Waiting for application startup.
2026-04-21 12:35:35,459 | uvicorn.error | INFO | .venv\Lib\site-packages\uvicorn\lifespan\on.py:62 | Application startup complete.
2026-04-21 12:35:35,460 | uvicorn.error | INFO | .venv\Lib\site-packages\uvicorn\server.py:272 | Shutting down
2026-04-21 12:35:35,568 | uvicorn.error | INFO | .venv\Lib\site-packages\uvicorn\lifespan\on.py:67 | Waiting for application shutdown.
2026-04-21 12:35:35,568 | uvicorn.error | INFO | .venv\Lib\site-packages\uvicorn\lifespan\on.py:76 | Application shutdown complete.
2026-04-21 12:35:35,569 | uvicorn.error | INFO | .venv\Lib\site-packages\uvicorn\server.py:102 | Finished server process [38088]
2026-04-21 12:35:40,844 | app | INFO | app\core\bootstrap.py:32 | -----------------Bootstrapping FastAPI-----------------
2026-04-21 12:35:40,847 | uvicorn.error | INFO | .venv\Lib\site-packages\uvicorn\server.py:92 | Started server process [24112]
2026-04-21 12:35:40,848 | uvicorn.error | INFO | .venv\Lib\site-packages\uvicorn\lifespan\on.py:48 | Waiting for application startup.
2026-04-21 12:35:40,850 | uvicorn.error | INFO | .venv\Lib\site-packages\uvicorn\lifespan\on.py:62 | Application startup complete.
2026-04-21 12:35:41,902 | uvicorn.error | INFO | .venv\Lib\site-packages\uvicorn\server.py:272 | Shutting down
2026-04-21 12:35:42,015 | uvicorn.error | INFO | .venv\Lib\site-packages\uvicorn\lifespan\on.py:67 | Waiting for application shutdown.
2026-04-21 12:35:42,017 | uvicorn.error | INFO | .venv\Lib\site-packages\uvicorn\lifespan\on.py:76 | Application shutdown complete.
2026-04-21 12:35:42,018 | uvicorn.error | INFO | .venv\Lib\site-packages\uvicorn\server.py:102 | Finished server process [24112]
2026-04-21 12:35:47,088 | app | INFO | app\core\bootstrap.py:32 | -----------------Bootstrapping FastAPI-----------------
2026-04-21 12:35:47,091 | uvicorn.error | INFO | .venv\Lib\site-packages\uvicorn\server.py:92 | Started server process [19864]
2026-04-21 12:35:47,091 | uvicorn.error | INFO | .venv\Lib\site-packages\uvicorn\lifespan\on.py:48 | Waiting for application startup.
2026-04-21 12:35:47,092 | uvicorn.error | INFO | .venv\Lib\site-packages\uvicorn\lifespan\on.py:62 | Application startup complete.
2026-04-21 12:35:47,093 | uvicorn.error | INFO | .venv\Lib\site-packages\uvicorn\server.py:272 | Shutting down
2026-04-21 12:35:47,195 | uvicorn.error | INFO | .venv\Lib\site-packages\uvicorn\lifespan\on.py:67 | Waiting for application shutdown.
2026-04-21 12:35:47,196 | uvicorn.error | INFO | .venv\Lib\site-packages\uvicorn\lifespan\on.py:76 | Application shutdown complete.
2026-04-21 12:35:47,198 | uvicorn.error | INFO | .venv\Lib\site-packages\uvicorn\server.py:102 | Finished server process [19864]
2026-04-21 12:35:52,048 | app | INFO | app\core\bootstrap.py:32 | -----------------Bootstrapping FastAPI-----------------
2026-04-21 12:35:52,052 | uvicorn.error | INFO | .venv\Lib\site-packages\uvicorn\server.py:92 | Started server process [1120]
2026-04-21 12:35:52,053 | uvicorn.error | INFO | .venv\Lib\site-packages\uvicorn\lifespan\on.py:48 | Waiting for application startup.
2026-04-21 12:35:52,055 | uvicorn.error | INFO | .venv\Lib\site-packages\uvicorn\lifespan\on.py:62 | Application startup complete.
2026-04-21 12:35:53,147 | uvicorn.error | INFO | .venv\Lib\site-packages\uvicorn\server.py:272 | Shutting down
2026-04-21 12:35:53,258 | uvicorn.error | INFO | .venv\Lib\site-packages\uvicorn\lifespan\on.py:67 | Waiting for application shutdown.
2026-04-21 12:35:53,258 | uvicorn.error | INFO | .venv\Lib\site-packages\uvicorn\lifespan\on.py:76 | Application shutdown complete.
2026-04-21 12:35:53,259 | uvicorn.error | INFO | .venv\Lib\site-packages\uvicorn\server.py:102 | Finished server process [1120]
2026-04-21 12:35:58,419 | app | INFO | app\core\bootstrap.py:32 | -----------------Bootstrapping FastAPI-----------------
2026-04-21 12:35:58,421 | uvicorn.error | INFO | .venv\Lib\site-packages\uvicorn\server.py:92 | Started server process [49388]
2026-04-21 12:35:58,422 | uvicorn.error | INFO | .venv\Lib\site-packages\uvicorn\lifespan\on.py:48 | Waiting for application startup.
2026-04-21 12:35:58,424 | uvicorn.error | INFO | .venv\Lib\site-packages\uvicorn\lifespan\on.py:62 | Application startup complete.
2026-04-21 12:35:58,424 | uvicorn.error | INFO | .venv\Lib\site-packages\uvicorn\server.py:272 | Shutting down
2026-04-21 12:35:58,531 | uvicorn.error | INFO | .venv\Lib\site-packages\uvicorn\lifespan\on.py:67 | Waiting for application shutdown.
2026-04-21 12:35:58,531 | uvicorn.error | INFO | .venv\Lib\site-packages\uvicorn\lifespan\on.py:76 | Application shutdown complete.
2026-04-21 12:35:58,534 | uvicorn.error | INFO | .venv\Lib\site-packages\uvicorn\server.py:102 | Finished server process [49388]
2026-04-21 12:36:03,345 | app | INFO | app\core\bootstrap.py:32 | -----------------Bootstrapping FastAPI-----------------
2026-04-21 12:36:03,347 | uvicorn.error | INFO | .venv\Lib\site-packages\uvicorn\server.py:92 | Started server process [12868]
2026-04-21 12:36:03,347 | uvicorn.error | INFO | .venv\Lib\site-packages\uvicorn\lifespan\on.py:48 | Waiting for application startup.
2026-04-21 12:36:03,350 | uvicorn.error | INFO | .venv\Lib\site-packages\uvicorn\lifespan\on.py:62 | Application startup complete.
2026-04-21 12:36:18,455 | uvicorn.error | INFO | .venv\Lib\site-packages\uvicorn\server.py:272 | Shutting down
2026-04-21 12:36:18,558 | uvicorn.error | INFO | .venv\Lib\site-packages\uvicorn\lifespan\on.py:67 | Waiting for application shutdown.
2026-04-21 12:36:18,559 | uvicorn.error | INFO | .venv\Lib\site-packages\uvicorn\lifespan\on.py:76 | Application shutdown complete.
2026-04-21 12:36:18,559 | uvicorn.error | INFO | .venv\Lib\site-packages\uvicorn\server.py:102 | Finished server process [12868]
2026-04-21 12:36:24,028 | app | INFO | app\core\bootstrap.py:32 | -----------------Bootstrapping FastAPI-----------------
2026-04-21 12:36:24,028 | uvicorn.error | INFO | .venv\Lib\site-packages\uvicorn\server.py:92 | Started server process [24800]
2026-04-21 12:36:24,035 | uvicorn.error | INFO | .venv\Lib\site-packages\uvicorn\lifespan\on.py:48 | Waiting for application startup.
2026-04-21 12:36:24,036 | uvicorn.error | INFO | .venv\Lib\site-packages\uvicorn\lifespan\on.py:62 | Application startup complete.
2026-04-21 12:36:24,036 | uvicorn.error | INFO | .venv\Lib\site-packages\uvicorn\server.py:272 | Shutting down
2026-04-21 12:36:24,140 | uvicorn.error | INFO | .venv\Lib\site-packages\uvicorn\lifespan\on.py:67 | Waiting for application shutdown.
2026-04-21 12:36:24,140 | uvicorn.error | INFO | .venv\Lib\site-packages\uvicorn\lifespan\on.py:76 | Application shutdown complete.
2026-04-21 12:36:24,140 | uvicorn.error | INFO | .venv\Lib\site-packages\uvicorn\server.py:102 | Finished server process [24800]
2026-04-21 12:36:29,113 | app | INFO | app\core\bootstrap.py:32 | -----------------Bootstrapping FastAPI-----------------
2026-04-21 12:36:29,113 | uvicorn.error | INFO | .venv\Lib\site-packages\uvicorn\server.py:92 | Started server process [34852]
2026-04-21 12:36:29,113 | uvicorn.error | INFO | .venv\Lib\site-packages\uvicorn\lifespan\on.py:48 | Waiting for application startup.
2026-04-21 12:36:29,113 | uvicorn.error | INFO | .venv\Lib\site-packages\uvicorn\lifespan\on.py:62 | Application startup complete.
2026-04-21 12:36:34,034 | uvicorn.error | INFO | .venv\Lib\site-packages\uvicorn\server.py:272 | Shutting down
2026-04-21 12:36:34,145 | uvicorn.error | INFO | .venv\Lib\site-packages\uvicorn\lifespan\on.py:67 | Waiting for application shutdown.
2026-04-21 12:36:34,147 | uvicorn.error | INFO | .venv\Lib\site-packages\uvicorn\lifespan\on.py:76 | Application shutdown complete.
2026-04-21 12:36:34,150 | uvicorn.error | INFO | .venv\Lib\site-packages\uvicorn\server.py:102 | Finished server process [34852]
2026-04-21 12:36:39,115 | app | INFO | app\core\bootstrap.py:32 | -----------------Bootstrapping FastAPI-----------------
2026-04-21 12:36:39,117 | uvicorn.error | INFO | .venv\Lib\site-packages\uvicorn\server.py:92 | Started server process [54892]
2026-04-21 12:36:39,118 | uvicorn.error | INFO | .venv\Lib\site-packages\uvicorn\lifespan\on.py:48 | Waiting for application startup.
2026-04-21 12:36:39,120 | uvicorn.error | INFO | .venv\Lib\site-packages\uvicorn\lifespan\on.py:62 | Application startup complete.
2026-04-21 12:36:49,154 | uvicorn.error | INFO | .venv\Lib\site-packages\uvicorn\server.py:272 | Shutting down
2026-04-21 12:36:49,259 | uvicorn.error | INFO | .venv\Lib\site-packages\uvicorn\lifespan\on.py:67 | Waiting for application shutdown.
2026-04-21 12:36:49,259 | uvicorn.error | INFO | .venv\Lib\site-packages\uvicorn\lifespan\on.py:76 | Application shutdown complete.
2026-04-21 12:36:49,260 | uvicorn.error | INFO | .venv\Lib\site-packages\uvicorn\server.py:102 | Finished server process [54892]
2026-04-21 12:36:54,635 | app | INFO | app\core\bootstrap.py:32 | -----------------Bootstrapping FastAPI-----------------
2026-04-21 12:36:54,636 | uvicorn.error | INFO | .venv\Lib\site-packages\uvicorn\server.py:92 | Started server process [22256]
2026-04-21 12:36:54,636 | uvicorn.error | INFO | .venv\Lib\site-packages\uvicorn\lifespan\on.py:48 | Waiting for application startup.
2026-04-21 12:36:54,636 | uvicorn.error | INFO | .venv\Lib\site-packages\uvicorn\lifespan\on.py:62 | Application startup complete.
2026-04-21 12:36:54,640 | uvicorn.error | INFO | .venv\Lib\site-packages\uvicorn\server.py:272 | Shutting down
2026-04-21 12:36:54,751 | uvicorn.error | INFO | .venv\Lib\site-packages\uvicorn\lifespan\on.py:67 | Waiting for application shutdown.
2026-04-21 12:36:54,752 | uvicorn.error | INFO | .venv\Lib\site-packages\uvicorn\lifespan\on.py:76 | Application shutdown complete.
2026-04-21 12:36:54,752 | uvicorn.error | INFO | .venv\Lib\site-packages\uvicorn\server.py:102 | Finished server process [22256]
2026-04-21 12:36:59,769 | app | INFO | app\core\bootstrap.py:32 | -----------------Bootstrapping FastAPI-----------------
2026-04-21 12:36:59,771 | uvicorn.error | INFO | .venv\Lib\site-packages\uvicorn\server.py:92 | Started server process [34760]
2026-04-21 12:36:59,772 | uvicorn.error | INFO | .venv\Lib\site-packages\uvicorn\lifespan\on.py:48 | Waiting for application startup.
2026-04-21 12:36:59,772 | uvicorn.error | INFO | .venv\Lib\site-packages\uvicorn\lifespan\on.py:62 | Application startup complete.
2026-04-21 12:37:09,727 | uvicorn.error | INFO | .venv\Lib\site-packages\uvicorn\server.py:272 | Shutting down
2026-04-21 12:37:09,831 | uvicorn.error | INFO | .venv\Lib\site-packages\uvicorn\lifespan\on.py:67 | Waiting for application shutdown.
2026-04-21 12:37:09,831 | uvicorn.error | INFO | .venv\Lib\site-packages\uvicorn\lifespan\on.py:76 | Application shutdown complete.
2026-04-21 12:37:09,831 | uvicorn.error | INFO | .venv\Lib\site-packages\uvicorn\server.py:102 | Finished server process [34760]
2026-04-21 12:37:14,956 | app | INFO | app\core\bootstrap.py:32 | -----------------Bootstrapping FastAPI-----------------
2026-04-21 12:37:14,956 | uvicorn.error | INFO | .venv\Lib\site-packages\uvicorn\server.py:92 | Started server process [42836]
2026-04-21 12:37:14,956 | uvicorn.error | INFO | .venv\Lib\site-packages\uvicorn\lifespan\on.py:48 | Waiting for application startup.
2026-04-21 12:37:14,956 | uvicorn.error | INFO | .venv\Lib\site-packages\uvicorn\lifespan\on.py:62 | Application startup complete.
2026-04-21 12:37:14,963 | uvicorn.error | INFO | .venv\Lib\site-packages\uvicorn\server.py:272 | Shutting down
2026-04-21 12:37:15,066 | uvicorn.error | INFO | .venv\Lib\site-packages\uvicorn\lifespan\on.py:67 | Waiting for application shutdown.
2026-04-21 12:37:15,067 | uvicorn.error | INFO | .venv\Lib\site-packages\uvicorn\lifespan\on.py:76 | Application shutdown complete.
2026-04-21 12:37:15,069 | uvicorn.error | INFO | .venv\Lib\site-packages\uvicorn\server.py:102 | Finished server process [42836]
2026-04-21 12:37:20,558 | app | INFO | app\core\bootstrap.py:32 | -----------------Bootstrapping FastAPI-----------------
2026-04-21 12:37:20,562 | uvicorn.error | INFO | .venv\Lib\site-packages\uvicorn\server.py:92 | Started server process [42696]
2026-04-21 12:37:20,563 | uvicorn.error | INFO | .venv\Lib\site-packages\uvicorn\lifespan\on.py:48 | Waiting for application startup.
2026-04-21 12:37:20,564 | uvicorn.error | INFO | .venv\Lib\site-packages\uvicorn\lifespan\on.py:62 | Application startup complete.
2026-04-21 12:37:57,379 | uvicorn.error | INFO | .venv\Lib\site-packages\uvicorn\server.py:272 | Shutting down
2026-04-21 12:37:57,484 | uvicorn.error | INFO | .venv\Lib\site-packages\uvicorn\lifespan\on.py:67 | Waiting for application shutdown.
2026-04-21 12:37:57,485 | uvicorn.error | INFO | .venv\Lib\site-packages\uvicorn\lifespan\on.py:76 | Application shutdown complete.
2026-04-21 12:37:57,486 | uvicorn.error | INFO | .venv\Lib\site-packages\uvicorn\server.py:102 | Finished server process [42696]
2026-04-21 12:38:03,023 | app | INFO | app\core\bootstrap.py:32 | -----------------Bootstrapping FastAPI-----------------
2026-04-21 12:38:03,027 | uvicorn.error | INFO | .venv\Lib\site-packages\uvicorn\server.py:92 | Started server process [45692]
2026-04-21 12:38:03,030 | uvicorn.error | INFO | .venv\Lib\site-packages\uvicorn\lifespan\on.py:48 | Waiting for application startup.
2026-04-21 12:38:03,031 | uvicorn.error | INFO | .venv\Lib\site-packages\uvicorn\lifespan\on.py:62 | Application startup complete.
2026-04-21 15:50:33,352 | uvicorn.error | INFO | .venv\Lib\site-packages\uvicorn\server.py:272 | Shutting down
2026-04-21 15:50:33,457 | uvicorn.error | INFO | .venv\Lib\site-packages\uvicorn\lifespan\on.py:67 | Waiting for application shutdown.
2026-04-21 15:50:33,458 | uvicorn.error | INFO | .venv\Lib\site-packages\uvicorn\lifespan\on.py:76 | Application shutdown complete.
2026-04-21 15:50:33,458 | uvicorn.error | INFO | .venv\Lib\site-packages\uvicorn\server.py:102 | Finished server process [45692]
2026-04-21 15:50:38,888 | app | INFO | app\core\bootstrap.py:32 | -----------------Bootstrapping FastAPI-----------------
2026-04-21 15:50:38,890 | uvicorn.error | INFO | .venv\Lib\site-packages\uvicorn\server.py:92 | Started server process [51396]
2026-04-21 15:50:38,892 | uvicorn.error | INFO | .venv\Lib\site-packages\uvicorn\lifespan\on.py:48 | Waiting for application startup.
2026-04-21 15:50:38,892 | uvicorn.error | INFO | .venv\Lib\site-packages\uvicorn\lifespan\on.py:62 | Application startup complete.
2026-04-21 15:50:48,291 | uvicorn.error | INFO | .venv\Lib\site-packages\uvicorn\server.py:272 | Shutting down
2026-04-21 15:50:48,399 | uvicorn.error | INFO | .venv\Lib\site-packages\uvicorn\lifespan\on.py:67 | Waiting for application shutdown.
2026-04-21 15:50:48,400 | uvicorn.error | INFO | .venv\Lib\site-packages\uvicorn\lifespan\on.py:76 | Application shutdown complete.
2026-04-21 15:50:48,400 | uvicorn.error | INFO | .venv\Lib\site-packages\uvicorn\server.py:102 | Finished server process [51396]
2026-04-21 15:50:53,616 | app | INFO | app\core\bootstrap.py:33 | -----------------Bootstrapping FastAPI-----------------
2026-04-21 15:50:53,619 | uvicorn.error | INFO | .venv\Lib\site-packages\uvicorn\server.py:92 | Started server process [53076]
2026-04-21 15:50:53,620 | uvicorn.error | INFO | .venv\Lib\site-packages\uvicorn\lifespan\on.py:48 | Waiting for application startup.
2026-04-21 15:50:53,621 | uvicorn.error | INFO | .venv\Lib\site-packages\uvicorn\lifespan\on.py:62 | Application startup complete.
2026-04-21 15:51:01,696 | uvicorn.error | INFO | .venv\Lib\site-packages\uvicorn\server.py:272 | Shutting down
2026-04-21 15:51:01,808 | uvicorn.error | INFO | .venv\Lib\site-packages\uvicorn\lifespan\on.py:67 | Waiting for application shutdown.
2026-04-21 15:51:01,808 | uvicorn.error | INFO | .venv\Lib\site-packages\uvicorn\lifespan\on.py:76 | Application shutdown complete.
2026-04-21 15:51:01,810 | uvicorn.error | INFO | .venv\Lib\site-packages\uvicorn\server.py:102 | Finished server process [53076]
2026-04-21 15:51:06,925 | app | INFO | app\core\bootstrap.py:34 | -----------------Bootstrapping FastAPI-----------------
2026-04-21 15:51:06,927 | uvicorn.error | INFO | .venv\Lib\site-packages\uvicorn\server.py:92 | Started server process [34172]
2026-04-21 15:51:06,929 | uvicorn.error | INFO | .venv\Lib\site-packages\uvicorn\lifespan\on.py:48 | Waiting for application startup.
2026-04-21 15:51:06,931 | uvicorn.error | INFO | .venv\Lib\site-packages\uvicorn\lifespan\on.py:62 | Application startup complete.
2026-04-21 15:51:10,160 | uvicorn.error | INFO | .venv\Lib\site-packages\uvicorn\server.py:272 | Shutting down
2026-04-21 15:51:10,264 | uvicorn.error | INFO | .venv\Lib\site-packages\uvicorn\lifespan\on.py:67 | Waiting for application shutdown.
2026-04-21 15:51:10,265 | uvicorn.error | INFO | .venv\Lib\site-packages\uvicorn\lifespan\on.py:76 | Application shutdown complete.
2026-04-21 15:51:10,265 | uvicorn.error | INFO | .venv\Lib\site-packages\uvicorn\server.py:102 | Finished server process [34172]
2026-04-21 15:51:15,514 | app | INFO | app\core\bootstrap.py:34 | -----------------Bootstrapping FastAPI-----------------
2026-04-21 15:51:15,518 | uvicorn.error | INFO | .venv\Lib\site-packages\uvicorn\server.py:92 | Started server process [23068]
2026-04-21 15:51:15,518 | uvicorn.error | INFO | .venv\Lib\site-packages\uvicorn\lifespan\on.py:48 | Waiting for application startup.
2026-04-21 15:51:15,521 | uvicorn.error | INFO | .venv\Lib\site-packages\uvicorn\lifespan\on.py:62 | Application startup complete.
2026-04-21 15:51:33,270 | uvicorn.error | INFO | .venv\Lib\site-packages\uvicorn\server.py:272 | Shutting down
2026-04-21 15:51:33,373 | uvicorn.error | INFO | .venv\Lib\site-packages\uvicorn\lifespan\on.py:67 | Waiting for application shutdown.
2026-04-21 15:51:33,374 | uvicorn.error | INFO | .venv\Lib\site-packages\uvicorn\lifespan\on.py:76 | Application shutdown complete.
2026-04-21 15:51:33,374 | uvicorn.error | INFO | .venv\Lib\site-packages\uvicorn\server.py:102 | Finished server process [23068]
2026-04-21 15:51:38,414 | app | INFO | app\core\bootstrap.py:34 | -----------------Bootstrapping FastAPI-----------------
2026-04-21 15:51:38,416 | uvicorn.error | INFO | .venv\Lib\site-packages\uvicorn\server.py:92 | Started server process [36144]
2026-04-21 15:51:38,416 | uvicorn.error | INFO | .venv\Lib\site-packages\uvicorn\lifespan\on.py:48 | Waiting for application startup.
2026-04-21 15:51:38,418 | uvicorn.error | INFO | .venv\Lib\site-packages\uvicorn\lifespan\on.py:62 | Application startup complete.
2026-04-21 16:18:43,209 | uvicorn.error | INFO | .venv\Lib\site-packages\uvicorn\server.py:272 | Shutting down
2026-04-21 16:18:43,314 | uvicorn.error | INFO | .venv\Lib\site-packages\uvicorn\lifespan\on.py:67 | Waiting for application shutdown.
2026-04-21 16:18:43,314 | uvicorn.error | INFO | .venv\Lib\site-packages\uvicorn\lifespan\on.py:76 | Application shutdown complete.
2026-04-21 16:18:43,314 | uvicorn.error | INFO | .venv\Lib\site-packages\uvicorn\server.py:102 | Finished server process [36144]
2026-04-21 16:18:56,339 | app | INFO | app\core\bootstrap.py:34 | -----------------Bootstrapping FastAPI-----------------
2026-04-21 16:18:56,341 | uvicorn.error | INFO | .venv\Lib\site-packages\uvicorn\server.py:92 | Started server process [50348]
2026-04-21 16:18:56,342 | uvicorn.error | INFO | .venv\Lib\site-packages\uvicorn\lifespan\on.py:48 | Waiting for application startup.
2026-04-21 16:18:56,343 | uvicorn.error | INFO | .venv\Lib\site-packages\uvicorn\lifespan\on.py:62 | Application startup complete.
2026-04-21 16:18:56,343 | uvicorn.error | INFO | .venv\Lib\site-packages\uvicorn\server.py:272 | Shutting down
2026-04-21 16:18:56,448 | uvicorn.error | INFO | .venv\Lib\site-packages\uvicorn\lifespan\on.py:67 | Waiting for application shutdown.
2026-04-21 16:18:56,449 | uvicorn.error | INFO | .venv\Lib\site-packages\uvicorn\lifespan\on.py:76 | Application shutdown complete.
2026-04-21 16:18:56,450 | uvicorn.error | INFO | .venv\Lib\site-packages\uvicorn\server.py:102 | Finished server process [50348]
2026-04-21 16:19:02,024 | app | INFO | app\core\bootstrap.py:34 | -----------------Bootstrapping FastAPI-----------------
2026-04-21 16:19:02,024 | uvicorn.error | INFO | .venv\Lib\site-packages\uvicorn\server.py:92 | Started server process [48372]
2026-04-21 16:19:02,027 | uvicorn.error | INFO | .venv\Lib\site-packages\uvicorn\lifespan\on.py:48 | Waiting for application startup.
2026-04-21 16:19:02,027 | uvicorn.error | INFO | .venv\Lib\site-packages\uvicorn\lifespan\on.py:62 | Application startup complete.
2026-04-21 16:19:50,079 | uvicorn.error | INFO | .venv\Lib\site-packages\uvicorn\server.py:272 | Shutting down
2026-04-21 16:19:50,184 | uvicorn.error | INFO | .venv\Lib\site-packages\uvicorn\lifespan\on.py:67 | Waiting for application shutdown.
2026-04-21 16:19:50,185 | uvicorn.error | INFO | .venv\Lib\site-packages\uvicorn\lifespan\on.py:76 | Application shutdown complete.
2026-04-21 16:19:50,185 | uvicorn.error | INFO | .venv\Lib\site-packages\uvicorn\server.py:102 | Finished server process [48372]
2026-04-21 16:19:55,264 | app | INFO | app\core\bootstrap.py:34 | -----------------Bootstrapping FastAPI-----------------
2026-04-21 16:19:55,270 | uvicorn.error | INFO | .venv\Lib\site-packages\uvicorn\server.py:92 | Started server process [14416]
2026-04-21 16:19:55,270 | uvicorn.error | INFO | .venv\Lib\site-packages\uvicorn\lifespan\on.py:48 | Waiting for application startup.
2026-04-21 16:19:55,273 | uvicorn.error | INFO | .venv\Lib\site-packages\uvicorn\lifespan\on.py:62 | Application startup complete.
2026-04-21 16:19:58,360 | uvicorn.error | INFO | .venv\Lib\site-packages\uvicorn\server.py:272 | Shutting down
2026-04-21 16:19:58,472 | uvicorn.error | INFO | .venv\Lib\site-packages\uvicorn\lifespan\on.py:67 | Waiting for application shutdown.
2026-04-21 16:19:58,474 | uvicorn.error | INFO | .venv\Lib\site-packages\uvicorn\lifespan\on.py:76 | Application shutdown complete.
2026-04-21 16:19:58,474 | uvicorn.error | INFO | .venv\Lib\site-packages\uvicorn\server.py:102 | Finished server process [14416]
2026-04-21 16:20:03,525 | app | INFO | app\core\bootstrap.py:34 | -----------------Bootstrapping FastAPI-----------------
2026-04-21 16:20:03,527 | uvicorn.error | INFO | .venv\Lib\site-packages\uvicorn\server.py:92 | Started server process [46568]
2026-04-21 16:20:03,527 | uvicorn.error | INFO | .venv\Lib\site-packages\uvicorn\lifespan\on.py:48 | Waiting for application startup.
2026-04-21 16:20:03,527 | uvicorn.error | INFO | .venv\Lib\site-packages\uvicorn\lifespan\on.py:62 | Application startup complete.
2026-04-21 16:20:22,947 | uvicorn.error | INFO | .venv\Lib\site-packages\uvicorn\server.py:272 | Shutting down
2026-04-21 16:20:23,049 | uvicorn.error | INFO | .venv\Lib\site-packages\uvicorn\lifespan\on.py:67 | Waiting for application shutdown.
2026-04-21 16:20:23,050 | uvicorn.error | INFO | .venv\Lib\site-packages\uvicorn\lifespan\on.py:76 | Application shutdown complete.
2026-04-21 16:20:23,051 | uvicorn.error | INFO | .venv\Lib\site-packages\uvicorn\server.py:102 | Finished server process [46568]
2026-04-21 16:20:28,447 | app | INFO | app\core\bootstrap.py:34 | -----------------Bootstrapping FastAPI-----------------
2026-04-21 16:20:28,450 | uvicorn.error | INFO | .venv\Lib\site-packages\uvicorn\server.py:92 | Started server process [34524]
2026-04-21 16:20:28,452 | uvicorn.error | INFO | .venv\Lib\site-packages\uvicorn\lifespan\on.py:48 | Waiting for application startup.
2026-04-21 16:20:28,454 | uvicorn.error | INFO | .venv\Lib\site-packages\uvicorn\lifespan\on.py:62 | Application startup complete.
2026-04-21 16:20:29,725 | uvicorn.error | INFO | .venv\Lib\site-packages\uvicorn\server.py:272 | Shutting down
2026-04-21 16:20:29,828 | uvicorn.error | INFO | .venv\Lib\site-packages\uvicorn\lifespan\on.py:67 | Waiting for application shutdown.
2026-04-21 16:20:29,830 | uvicorn.error | INFO | .venv\Lib\site-packages\uvicorn\lifespan\on.py:76 | Application shutdown complete.
2026-04-21 16:20:29,830 | uvicorn.error | INFO | .venv\Lib\site-packages\uvicorn\server.py:102 | Finished server process [34524]
2026-04-21 16:20:34,777 | app | INFO | app\core\bootstrap.py:34 | -----------------Bootstrapping FastAPI-----------------
2026-04-21 16:20:34,782 | uvicorn.error | INFO | .venv\Lib\site-packages\uvicorn\server.py:92 | Started server process [22620]
2026-04-21 16:20:34,782 | uvicorn.error | INFO | .venv\Lib\site-packages\uvicorn\lifespan\on.py:48 | Waiting for application startup.
2026-04-21 16:20:34,786 | uvicorn.error | INFO | .venv\Lib\site-packages\uvicorn\lifespan\on.py:62 | Application startup complete.
2026-04-21 16:21:11,452 | uvicorn.error | INFO | .venv\Lib\site-packages\uvicorn\server.py:272 | Shutting down
2026-04-21 16:21:11,564 | uvicorn.error | INFO | .venv\Lib\site-packages\uvicorn\lifespan\on.py:67 | Waiting for application shutdown.
2026-04-21 16:21:11,566 | uvicorn.error | INFO | .venv\Lib\site-packages\uvicorn\lifespan\on.py:76 | Application shutdown complete.
2026-04-21 16:21:11,567 | uvicorn.error | INFO | .venv\Lib\site-packages\uvicorn\server.py:102 | Finished server process [22620]
2026-04-21 16:21:16,700 | app | INFO | app\core\bootstrap.py:34 | -----------------Bootstrapping FastAPI-----------------
2026-04-21 16:21:16,708 | uvicorn.error | INFO | .venv\Lib\site-packages\uvicorn\server.py:92 | Started server process [33712]
2026-04-21 16:21:16,709 | uvicorn.error | INFO | .venv\Lib\site-packages\uvicorn\lifespan\on.py:48 | Waiting for application startup.
2026-04-21 16:21:16,709 | uvicorn.error | INFO | .venv\Lib\site-packages\uvicorn\lifespan\on.py:62 | Application startup complete.
2026-04-21 16:21:23,596 | uvicorn.error | INFO | .venv\Lib\site-packages\uvicorn\server.py:272 | Shutting down
2026-04-21 16:21:23,709 | uvicorn.error | INFO | .venv\Lib\site-packages\uvicorn\lifespan\on.py:67 | Waiting for application shutdown.
2026-04-21 16:21:23,709 | uvicorn.error | INFO | .venv\Lib\site-packages\uvicorn\lifespan\on.py:76 | Application shutdown complete.
2026-04-21 16:21:23,712 | uvicorn.error | INFO | .venv\Lib\site-packages\uvicorn\server.py:102 | Finished server process [33712]
2026-04-21 16:21:28,726 | app | INFO | app\core\bootstrap.py:34 | -----------------Bootstrapping FastAPI-----------------
2026-04-21 16:21:28,727 | uvicorn.error | INFO | .venv\Lib\site-packages\uvicorn\server.py:92 | Started server process [55108]
2026-04-21 16:21:28,727 | uvicorn.error | INFO | .venv\Lib\site-packages\uvicorn\lifespan\on.py:48 | Waiting for application startup.
2026-04-21 16:21:28,727 | uvicorn.error | INFO | .venv\Lib\site-packages\uvicorn\lifespan\on.py:62 | Application startup complete.
2026-04-21 16:27:41,582 | uvicorn.error | INFO | .venv\Lib\site-packages\uvicorn\server.py:272 | Shutting down
2026-04-21 16:27:41,692 | uvicorn.error | INFO | .venv\Lib\site-packages\uvicorn\lifespan\on.py:67 | Waiting for application shutdown.
2026-04-21 16:27:41,693 | uvicorn.error | INFO | .venv\Lib\site-packages\uvicorn\lifespan\on.py:76 | Application shutdown complete.
2026-04-21 16:27:41,694 | uvicorn.error | INFO | .venv\Lib\site-packages\uvicorn\server.py:102 | Finished server process [55108]
2026-04-21 16:27:47,060 | app | INFO | app\core\bootstrap.py:34 | -----------------Bootstrapping FastAPI-----------------
2026-04-21 16:27:47,062 | uvicorn.error | INFO | .venv\Lib\site-packages\uvicorn\server.py:92 | Started server process [33440]
2026-04-21 16:27:47,062 | uvicorn.error | INFO | .venv\Lib\site-packages\uvicorn\lifespan\on.py:48 | Waiting for application startup.
2026-04-21 16:27:47,064 | uvicorn.error | INFO | .venv\Lib\site-packages\uvicorn\lifespan\on.py:62 | Application startup complete.
2026-04-21 16:27:47,064 | uvicorn.error | INFO | .venv\Lib\site-packages\uvicorn\server.py:272 | Shutting down
2026-04-21 16:27:47,178 | uvicorn.error | INFO | .venv\Lib\site-packages\uvicorn\lifespan\on.py:67 | Waiting for application shutdown.
2026-04-21 16:27:47,178 | uvicorn.error | INFO | .venv\Lib\site-packages\uvicorn\lifespan\on.py:76 | Application shutdown complete.
2026-04-21 16:27:47,178 | uvicorn.error | INFO | .venv\Lib\site-packages\uvicorn\server.py:102 | Finished server process [33440]
2026-04-21 16:27:52,524 | app | INFO | app\core\bootstrap.py:34 | -----------------Bootstrapping FastAPI-----------------
2026-04-21 16:27:52,529 | uvicorn.error | INFO | .venv\Lib\site-packages\uvicorn\server.py:92 | Started server process [36460]
2026-04-21 16:27:52,529 | uvicorn.error | INFO | .venv\Lib\site-packages\uvicorn\lifespan\on.py:48 | Waiting for application startup.
2026-04-21 16:27:52,529 | uvicorn.error | INFO | .venv\Lib\site-packages\uvicorn\lifespan\on.py:62 | Application startup complete.
2026-04-21 16:27:57,063 | uvicorn.error | INFO | .venv\Lib\site-packages\uvicorn\server.py:272 | Shutting down
2026-04-21 16:27:57,177 | uvicorn.error | INFO | .venv\Lib\site-packages\uvicorn\lifespan\on.py:67 | Waiting for application shutdown.
2026-04-21 16:27:57,178 | uvicorn.error | INFO | .venv\Lib\site-packages\uvicorn\lifespan\on.py:76 | Application shutdown complete.
2026-04-21 16:27:57,178 | uvicorn.error | INFO | .venv\Lib\site-packages\uvicorn\server.py:102 | Finished server process [36460]
2026-04-21 16:28:26,861 | app | INFO | app\core\bootstrap.py:34 | -----------------Bootstrapping FastAPI-----------------
2026-04-21 16:28:26,861 | uvicorn.error | INFO | .venv\Lib\site-packages\uvicorn\server.py:92 | Started server process [20980]
2026-04-21 16:28:26,861 | uvicorn.error | INFO | .venv\Lib\site-packages\uvicorn\lifespan\on.py:48 | Waiting for application startup.
2026-04-21 16:28:26,864 | uvicorn.error | INFO | .venv\Lib\site-packages\uvicorn\lifespan\on.py:62 | Application startup complete.
2026-04-21 16:35:53,027 | app.core.middleware.request_logger | INFO | app\core\middleware\request_logger.py:15 | Request duration : 1.3233000063337386ms | Request URL : http://127.0.0.1:8000/docs | Request Method : GET | 
2026-04-21 16:35:53,031 | uvicorn.access | INFO | .venv\Lib\site-packages\uvicorn\protocols\http\h11_impl.py:482 | 127.0.0.1:59510 - "GET /docs HTTP/1.1" 200
2026-04-21 16:35:53,605 | app.core.middleware.request_logger | INFO | app\core\middleware\request_logger.py:15 | Request duration : 305.3044999833219ms | Request URL : http://127.0.0.1:8000/openapi.json | Request Method : GET | 
2026-04-21 16:35:53,605 | uvicorn.access | INFO | .venv\Lib\site-packages\uvicorn\protocols\http\h11_impl.py:482 | 127.0.0.1:59510 - "GET /openapi.json HTTP/1.1" 200
2026-04-21 16:36:13,329 | app.services.user_service | INFO | app\services\user_service.py:19 | Fetching user details for ID: 89
2026-04-21 16:36:13,885 | app.core.middleware.request_logger | INFO | app\core\middleware\request_logger.py:15 | Request duration : 599.4239000137895ms | Request URL : http://127.0.0.1:8000/users/89 | Request Method : GET | 
2026-04-21 16:36:13,885 | uvicorn.access | INFO | .venv\Lib\site-packages\uvicorn\protocols\http\h11_impl.py:482 | 127.0.0.1:56547 - "GET /users/89 HTTP/1.1" 404
2026-05-04 10:46:34,172 | app | INFO | app\core\bootstrap.py:34 | -----------------Bootstrapping FastAPI-----------------
2026-05-04 10:46:34,175 | uvicorn.error | INFO | .venv\Lib\site-packages\uvicorn\server.py:92 | Started server process [39344]
2026-05-04 10:46:34,175 | uvicorn.error | INFO | .venv\Lib\site-packages\uvicorn\lifespan\on.py:48 | Waiting for application startup.
2026-05-04 10:46:34,175 | uvicorn.error | INFO | .venv\Lib\site-packages\uvicorn\lifespan\on.py:62 | Application startup complete.
2026-05-04 10:47:00,694 | app.core.middleware.request_logger | INFO | app\core\middleware\request_logger.py:15 | Request duration : 0.6517000001622364ms | Request URL : http://127.0.0.1:8000/ | Request Method : GET | 
2026-05-04 10:47:00,695 | uvicorn.access | INFO | .venv\Lib\site-packages\uvicorn\protocols\http\h11_impl.py:482 | 127.0.0.1:63762 - "GET / HTTP/1.1" 404
2026-05-04 10:47:00,829 | app.core.middleware.request_logger | INFO | app\core\middleware\request_logger.py:15 | Request duration : 0.5175999976927415ms | Request URL : http://127.0.0.1:8000/favicon.ico | Request Method : GET | 
2026-05-04 10:47:00,830 | uvicorn.access | INFO | .venv\Lib\site-packages\uvicorn\protocols\http\h11_impl.py:482 | 127.0.0.1:63762 - "GET /favicon.ico HTTP/1.1" 404
2026-05-04 10:47:06,368 | app.core.middleware.request_logger | INFO | app\core\middleware\request_logger.py:15 | Request duration : 0.6766000005882233ms | Request URL : http://127.0.0.1:8000/ | Request Method : GET | 
2026-05-04 10:47:06,368 | uvicorn.access | INFO | .venv\Lib\site-packages\uvicorn\protocols\http\h11_impl.py:482 | 127.0.0.1:56724 - "GET / HTTP/1.1" 404
2026-05-04 10:47:20,402 | app.core.middleware.request_logger | INFO | app\core\middleware\request_logger.py:15 | Request duration : 0.47420000191777945ms | Request URL : http://127.0.0.1:8000/docs | Request Method : GET | 
2026-05-04 10:47:20,402 | uvicorn.access | INFO | .venv\Lib\site-packages\uvicorn\protocols\http\h11_impl.py:482 | 127.0.0.1:51622 - "GET /docs HTTP/1.1" 200
2026-05-04 10:47:21,104 | app.core.middleware.request_logger | INFO | app\core\middleware\request_logger.py:15 | Request duration : 181.04689999017864ms | Request URL : http://127.0.0.1:8000/openapi.json | Request Method : GET | 
2026-05-04 10:47:21,106 | uvicorn.access | INFO | .venv\Lib\site-packages\uvicorn\protocols\http\h11_impl.py:482 | 127.0.0.1:51622 - "GET /openapi.json HTTP/1.1" 200
2026-05-04 10:53:45,458 | app | INFO | app\core\bootstrap.py:34 | -----------------Bootstrapping FastAPI-----------------
2026-05-04 10:53:45,459 | uvicorn.error | INFO | .venv\Lib\site-packages\uvicorn\server.py:92 | Started server process [39604]
2026-05-04 10:53:45,459 | uvicorn.error | INFO | .venv\Lib\site-packages\uvicorn\lifespan\on.py:48 | Waiting for application startup.
2026-05-04 10:53:45,460 | uvicorn.error | INFO | .venv\Lib\site-packages\uvicorn\lifespan\on.py:62 | Application startup complete.
2026-05-04 10:53:48,198 | app.core.middleware.request_logger | INFO | app\core\middleware\request_logger.py:15 | Request duration : 0.7108999998308718ms | Request URL : http://127.0.0.1:8000/ | Request Method : GET | 
2026-05-04 10:53:48,200 | uvicorn.access | INFO | .venv\Lib\site-packages\uvicorn\protocols\http\h11_impl.py:482 | 127.0.0.1:57196 - "GET / HTTP/1.1" 404
2026-05-04 10:53:54,141 | app.core.middleware.request_logger | INFO | app\core\middleware\request_logger.py:15 | Request duration : 0.43929999810643494ms | Request URL : http://127.0.0.1:8000/docs | Request Method : GET | 
2026-05-04 10:53:54,141 | uvicorn.access | INFO | .venv\Lib\site-packages\uvicorn\protocols\http\h11_impl.py:482 | 127.0.0.1:52956 - "GET /docs HTTP/1.1" 200
2026-05-04 10:53:54,496 | app.core.middleware.request_logger | INFO | app\core\middleware\request_logger.py:15 | Request duration : 166.7065000074217ms | Request URL : http://127.0.0.1:8000/openapi.json | Request Method : GET | 
2026-05-04 10:53:54,496 | uvicorn.access | INFO | .venv\Lib\site-packages\uvicorn\protocols\http\h11_impl.py:482 | 127.0.0.1:52956 - "GET /openapi.json HTTP/1.1" 200
2026-05-04 10:57:14,938 | uvicorn.error | INFO | .venv\Lib\site-packages\uvicorn\server.py:272 | Shutting down
2026-05-04 10:57:15,049 | uvicorn.error | INFO | .venv\Lib\site-packages\uvicorn\lifespan\on.py:67 | Waiting for application shutdown.
2026-05-04 10:57:15,050 | uvicorn.error | INFO | .venv\Lib\site-packages\uvicorn\lifespan\on.py:76 | Application shutdown complete.
2026-05-04 10:57:15,050 | uvicorn.error | INFO | .venv\Lib\site-packages\uvicorn\server.py:102 | Finished server process [39604]
2026-05-04 10:57:19,250 | app | INFO | app\core\bootstrap.py:34 | -----------------Bootstrapping FastAPI-----------------
2026-05-04 10:57:19,253 | uvicorn.error | INFO | .venv\Lib\site-packages\uvicorn\server.py:92 | Started server process [28296]
2026-05-04 10:57:19,253 | uvicorn.error | INFO | .venv\Lib\site-packages\uvicorn\lifespan\on.py:48 | Waiting for application startup.
2026-05-04 10:57:19,254 | uvicorn.error | INFO | .venv\Lib\site-packages\uvicorn\lifespan\on.py:62 | Application startup complete.
2026-05-04 10:57:22,825 | app.core.middleware.request_logger | INFO | app\core\middleware\request_logger.py:15 | Request duration : 3.8743000040994957ms | Request URL : http://127.0.0.1:8000/ui/restaurants | Request Method : GET | 
2026-05-04 10:57:22,825 | uvicorn.access | INFO | .venv\Lib\site-packages\uvicorn\protocols\http\h11_impl.py:482 | 127.0.0.1:53032 - "GET /ui/restaurants HTTP/1.1" 200
2026-05-04 10:58:00,857 | app.core.middleware.request_logger | INFO | app\core\middleware\request_logger.py:15 | Request duration : 0.33209999673999846ms | Request URL : http://127.0.0.1:8000/docs | Request Method : GET | 
2026-05-04 10:58:00,859 | uvicorn.access | INFO | .venv\Lib\site-packages\uvicorn\protocols\http\h11_impl.py:482 | 127.0.0.1:57381 - "GET /docs HTTP/1.1" 200
2026-05-04 10:58:01,168 | app.core.middleware.request_logger | INFO | app\core\middleware\request_logger.py:15 | Request duration : 181.87689999467693ms | Request URL : http://127.0.0.1:8000/openapi.json | Request Method : GET | 
2026-05-04 10:58:01,168 | uvicorn.access | INFO | .venv\Lib\site-packages\uvicorn\protocols\http\h11_impl.py:482 | 127.0.0.1:57381 - "GET /openapi.json HTTP/1.1" 200
2026-05-04 10:58:04,557 | app.core.middleware.request_logger | INFO | app\core\middleware\request_logger.py:15 | Request duration : 0.4653000069083646ms | Request URL : http://127.0.0.1:8000/ | Request Method : GET | 
2026-05-04 10:58:04,557 | uvicorn.access | INFO | .venv\Lib\site-packages\uvicorn\protocols\http\h11_impl.py:482 | 127.0.0.1:57381 - "GET / HTTP/1.1" 404
2026-05-04 10:58:27,664 | app.core.middleware.request_logger | INFO | app\core\middleware\request_logger.py:15 | Request duration : 0.7864999934099615ms | Request URL : http://127.0.0.1:8000/ui/restaurants | Request Method : GET | 
2026-05-04 10:58:27,664 | uvicorn.access | INFO | .venv\Lib\site-packages\uvicorn\protocols\http\h11_impl.py:482 | 127.0.0.1:49667 - "GET /ui/restaurants HTTP/1.1" 200
2026-05-04 10:58:28,168 | app.core.middleware.request_logger | INFO | app\core\middleware\request_logger.py:15 | Request duration : 473.1869999959599ms | Request URL : http://127.0.0.1:8000/restaurants/ | Request Method : GET | 
2026-05-04 10:58:28,168 | uvicorn.access | INFO | .venv\Lib\site-packages\uvicorn\protocols\http\h11_impl.py:482 | 127.0.0.1:49667 - "GET /restaurants/ HTTP/1.1" 200
2026-05-04 10:59:46,613 | uvicorn.error | INFO | .venv\Lib\site-packages\uvicorn\server.py:272 | Shutting down
2026-05-04 10:59:46,724 | uvicorn.error | INFO | .venv\Lib\site-packages\uvicorn\lifespan\on.py:67 | Waiting for application shutdown.
2026-05-04 10:59:46,725 | uvicorn.error | INFO | .venv\Lib\site-packages\uvicorn\lifespan\on.py:76 | Application shutdown complete.
2026-05-04 10:59:46,726 | uvicorn.error | INFO | .venv\Lib\site-packages\uvicorn\server.py:102 | Finished server process [28296]
2026-05-04 10:59:49,877 | app | INFO | app\core\bootstrap.py:34 | -----------------Bootstrapping FastAPI-----------------
2026-05-04 10:59:49,878 | uvicorn.error | INFO | .venv\Lib\site-packages\uvicorn\server.py:92 | Started server process [30792]
2026-05-04 10:59:49,879 | uvicorn.error | INFO | .venv\Lib\site-packages\uvicorn\lifespan\on.py:48 | Waiting for application startup.
2026-05-04 10:59:49,879 | uvicorn.error | INFO | .venv\Lib\site-packages\uvicorn\lifespan\on.py:62 | Application startup complete.
2026-05-04 11:00:30,352 | uvicorn.error | INFO | .venv\Lib\site-packages\uvicorn\server.py:272 | Shutting down
2026-05-04 11:00:30,463 | uvicorn.error | INFO | .venv\Lib\site-packages\uvicorn\lifespan\on.py:67 | Waiting for application shutdown.
2026-05-04 11:00:30,464 | uvicorn.error | INFO | .venv\Lib\site-packages\uvicorn\lifespan\on.py:76 | Application shutdown complete.
2026-05-04 11:00:30,464 | uvicorn.error | INFO | .venv\Lib\site-packages\uvicorn\server.py:102 | Finished server process [30792]
2026-05-04 11:00:34,069 | app | INFO | app\core\bootstrap.py:34 | -----------------Bootstrapping FastAPI-----------------
2026-05-04 11:00:34,070 | uvicorn.error | INFO | .venv\Lib\site-packages\uvicorn\server.py:92 | Started server process [36880]
2026-05-04 11:00:34,071 | uvicorn.error | INFO | .venv\Lib\site-packages\uvicorn\lifespan\on.py:48 | Waiting for application startup.
2026-05-04 11:00:34,072 | uvicorn.error | INFO | .venv\Lib\site-packages\uvicorn\lifespan\on.py:62 | Application startup complete.
2026-05-04 11:01:09,742 | uvicorn.error | INFO | .venv\Lib\site-packages\uvicorn\server.py:272 | Shutting down
2026-05-04 11:01:09,849 | uvicorn.error | INFO | .venv\Lib\site-packages\uvicorn\lifespan\on.py:67 | Waiting for application shutdown.
2026-05-04 11:01:09,849 | uvicorn.error | INFO | .venv\Lib\site-packages\uvicorn\lifespan\on.py:76 | Application shutdown complete.
2026-05-04 11:01:09,851 | uvicorn.error | INFO | .venv\Lib\site-packages\uvicorn\server.py:102 | Finished server process [36880]
2026-05-04 11:01:13,002 | app | INFO | app\core\bootstrap.py:34 | -----------------Bootstrapping FastAPI-----------------
2026-05-04 11:01:13,003 | uvicorn.error | INFO | .venv\Lib\site-packages\uvicorn\server.py:92 | Started server process [36940]
2026-05-04 11:01:13,003 | uvicorn.error | INFO | .venv\Lib\site-packages\uvicorn\lifespan\on.py:48 | Waiting for application startup.
2026-05-04 11:01:13,003 | uvicorn.error | INFO | .venv\Lib\site-packages\uvicorn\lifespan\on.py:62 | Application startup complete.
2026-05-04 11:34:13,205 | app.core.middleware.request_logger | INFO | app\core\middleware\request_logger.py:15 | Request duration : 550.4127000021981ms | Request URL : http://127.0.0.1:8000/restaurants/ | Request Method : GET | 
2026-05-04 11:34:13,206 | uvicorn.access | INFO | .venv\Lib\site-packages\uvicorn\protocols\http\h11_impl.py:482 | 127.0.0.1:51149 - "GET /restaurants/ HTTP/1.1" 200
2026-05-04 11:34:13,233 | app.core.middleware.request_logger | INFO | app\core\middleware\request_logger.py:15 | Request duration : 23.684600004344247ms | Request URL : http://127.0.0.1:8000/restaurants/ | Request Method : GET | 
2026-05-04 11:34:13,233 | uvicorn.access | INFO | .venv\Lib\site-packages\uvicorn\protocols\http\h11_impl.py:482 | 127.0.0.1:53140 - "GET /restaurants/ HTTP/1.1" 200
2026-05-04 11:47:35,157 | app.core.middleware.request_logger | INFO | app\core\middleware\request_logger.py:15 | Request duration : 65.57559999055229ms | Request URL : http://127.0.0.1:8000/restaurants/ | Request Method : GET | 
2026-05-04 11:47:35,158 | uvicorn.access | INFO | .venv\Lib\site-packages\uvicorn\protocols\http\h11_impl.py:482 | 127.0.0.1:60860 - "GET /restaurants/ HTTP/1.1" 200
2026-05-04 11:49:12,064 | app.core.middleware.request_logger | INFO | app\core\middleware\request_logger.py:15 | Request duration : 46.65839999506716ms | Request URL : http://127.0.0.1:8000/restaurants/ | Request Method : GET | 
2026-05-04 11:49:12,065 | uvicorn.access | INFO | .venv\Lib\site-packages\uvicorn\protocols\http\h11_impl.py:482 | 127.0.0.1:55370 - "GET /restaurants/ HTTP/1.1" 200
2026-05-04 11:57:05,291 | app.core.middleware.request_logger | INFO | app\core\middleware\request_logger.py:15 | Request duration : 162.16829999757465ms | Request URL : http://127.0.0.1:8000/restaurants/ | Request Method : GET | 
2026-05-04 11:57:05,292 | uvicorn.access | INFO | .venv\Lib\site-packages\uvicorn\protocols\http\h11_impl.py:482 | 127.0.0.1:59358 - "GET /restaurants/ HTTP/1.1" 200
2026-05-04 12:00:50,102 | app.core.middleware.request_logger | INFO | app\core\middleware\request_logger.py:15 | Request duration : 85.98720000009052ms | Request URL : http://127.0.0.1:8000/restaurants/ | Request Method : GET | 
2026-05-04 12:00:50,102 | uvicorn.access | INFO | .venv\Lib\site-packages\uvicorn\protocols\http\h11_impl.py:482 | 127.0.0.1:50634 - "GET /restaurants/ HTTP/1.1" 200
2026-05-04 12:29:11,610 | app.core.middleware.request_logger | INFO | app\core\middleware\request_logger.py:15 | Request duration : 112.16419999254867ms | Request URL : http://127.0.0.1:8000/restaurants/ | Request Method : GET | 
2026-05-04 12:29:11,612 | uvicorn.access | INFO | .venv\Lib\site-packages\uvicorn\protocols\http\h11_impl.py:482 | 127.0.0.1:51947 - "GET /restaurants/ HTTP/1.1" 200
2026-05-04 12:30:20,690 | app.core.middleware.request_logger | INFO | app\core\middleware\request_logger.py:15 | Request duration : 66.07420000364073ms | Request URL : http://127.0.0.1:8000/restaurants/ | Request Method : GET | 
2026-05-04 12:30:20,691 | uvicorn.access | INFO | .venv\Lib\site-packages\uvicorn\protocols\http\h11_impl.py:482 | 127.0.0.1:49384 - "GET /restaurants/ HTTP/1.1" 200
2026-05-04 12:30:25,243 | app.core.middleware.request_logger | INFO | app\core\middleware\request_logger.py:15 | Request duration : 184.24859999504406ms | Request URL : http://127.0.0.1:8000/restaurants/ | Request Method : GET | 
2026-05-04 12:30:25,247 | uvicorn.access | INFO | .venv\Lib\site-packages\uvicorn\protocols\http\h11_impl.py:482 | 127.0.0.1:49384 - "GET /restaurants/ HTTP/1.1" 200
2026-05-04 12:34:39,945 | app.core.middleware.request_logger | INFO | app\core\middleware\request_logger.py:15 | Request duration : 72.50609999755397ms | Request URL : http://127.0.0.1:8000/restaurants/ | Request Method : GET | 
2026-05-04 12:34:39,946 | uvicorn.access | INFO | .venv\Lib\site-packages\uvicorn\protocols\http\h11_impl.py:482 | 127.0.0.1:61061 - "GET /restaurants/ HTTP/1.1" 200
2026-05-04 12:34:50,715 | app.core.middleware.request_logger | INFO | app\core\middleware\request_logger.py:15 | Request duration : 63.16079999669455ms | Request URL : http://127.0.0.1:8000/restaurants/ | Request Method : GET | 
2026-05-04 12:34:50,716 | uvicorn.access | INFO | .venv\Lib\site-packages\uvicorn\protocols\http\h11_impl.py:482 | 127.0.0.1:64787 - "GET /restaurants/ HTTP/1.1" 200
2026-05-04 12:35:04,927 | app.core.middleware.request_logger | INFO | app\core\middleware\request_logger.py:15 | Request duration : 86.84160000120755ms | Request URL : http://127.0.0.1:8000/restaurants/ | Request Method : GET | 
2026-05-04 12:35:04,927 | uvicorn.access | INFO | .venv\Lib\site-packages\uvicorn\protocols\http\h11_impl.py:482 | 127.0.0.1:56417 - "GET /restaurants/ HTTP/1.1" 200
2026-05-05 07:06:16,962 | app.core.middleware.request_logger | INFO | app\core\middleware\request_logger.py:15 | Request duration : 86.77160000661388ms | Request URL : http://127.0.0.1:8000/restaurants/ | Request Method : GET | 
2026-05-05 07:06:16,964 | uvicorn.access | INFO | .venv\Lib\site-packages\uvicorn\protocols\http\h11_impl.py:482 | 127.0.0.1:55718 - "GET /restaurants/ HTTP/1.1" 200
2026-05-05 10:01:08,721 | app.core.middleware.request_logger | INFO | app\core\middleware\request_logger.py:15 | Request duration : 323.3588999719359ms | Request URL : http://127.0.0.1:8000/restaurants/ | Request Method : GET | 
2026-05-05 10:01:08,722 | uvicorn.access | INFO | .venv\Lib\site-packages\uvicorn\protocols\http\h11_impl.py:482 | 127.0.0.1:58110 - "GET /restaurants/ HTTP/1.1" 200
2026-05-05 10:02:32,255 | app.core.middleware.request_logger | INFO | app\core\middleware\request_logger.py:15 | Request duration : 65.497100003995ms | Request URL : http://127.0.0.1:8000/restaurants/ | Request Method : GET | 
2026-05-05 10:02:32,256 | uvicorn.access | INFO | .venv\Lib\site-packages\uvicorn\protocols\http\h11_impl.py:482 | 127.0.0.1:57974 - "GET /restaurants/ HTTP/1.1" 200
2026-05-05 10:08:13,426 | app.core.middleware.request_logger | INFO | app\core\middleware\request_logger.py:15 | Request duration : 111.07680000714026ms | Request URL : http://127.0.0.1:8000/restaurants/ | Request Method : GET | 
2026-05-05 10:08:13,427 | uvicorn.access | INFO | .venv\Lib\site-packages\uvicorn\protocols\http\h11_impl.py:482 | 127.0.0.1:52592 - "GET /restaurants/ HTTP/1.1" 200
2026-05-05 10:09:21,461 | app.core.middleware.request_logger | INFO | app\core\middleware\request_logger.py:15 | Request duration : 61.37829998624511ms | Request URL : http://127.0.0.1:8000/restaurants/ | Request Method : GET | 
2026-05-05 10:09:21,462 | uvicorn.access | INFO | .venv\Lib\site-packages\uvicorn\protocols\http\h11_impl.py:482 | 127.0.0.1:56639 - "GET /restaurants/ HTTP/1.1" 200
2026-05-05 10:14:30,457 | app.core.middleware.request_logger | INFO | app\core\middleware\request_logger.py:15 | Request duration : 176.5706999867689ms | Request URL : http://127.0.0.1:8000/restaurants/ | Request Method : GET | 
2026-05-05 10:14:30,457 | uvicorn.access | INFO | .venv\Lib\site-packages\uvicorn\protocols\http\h11_impl.py:482 | 127.0.0.1:55293 - "GET /restaurants/ HTTP/1.1" 200
2026-05-05 10:53:59,566 | app.core.middleware.request_logger | INFO | app\core\middleware\request_logger.py:15 | Request duration : 199.67370000085793ms | Request URL : http://127.0.0.1:8000/restaurants/ | Request Method : GET | 
2026-05-05 10:53:59,572 | uvicorn.access | INFO | .venv\Lib\site-packages\uvicorn\protocols\http\h11_impl.py:482 | 127.0.0.1:57095 - "GET /restaurants/ HTTP/1.1" 200
2026-05-05 11:33:00,083 | app.core.middleware.request_logger | INFO | app\core\middleware\request_logger.py:15 | Request duration : 126.70199997955933ms | Request URL : http://127.0.0.1:8000/restaurants/ | Request Method : GET | 
2026-05-05 11:33:00,084 | uvicorn.access | INFO | .venv\Lib\site-packages\uvicorn\protocols\http\h11_impl.py:482 | 127.0.0.1:63896 - "GET /restaurants/ HTTP/1.1" 200
2026-05-05 11:35:06,111 | app.core.middleware.request_logger | INFO | app\core\middleware\request_logger.py:15 | Request duration : 32.9654999950435ms | Request URL : http://127.0.0.1:8000/restaurants/ | Request Method : GET | 
2026-05-05 11:35:06,111 | uvicorn.access | INFO | .venv\Lib\site-packages\uvicorn\protocols\http\h11_impl.py:482 | 127.0.0.1:65371 - "GET /restaurants/ HTTP/1.1" 200
2026-05-05 11:35:12,391 | app.core.middleware.request_logger | INFO | app\core\middleware\request_logger.py:15 | Request duration : 72.61830000788905ms | Request URL : http://127.0.0.1:8000/restaurants/ | Request Method : GET | 
2026-05-05 11:35:12,391 | uvicorn.access | INFO | .venv\Lib\site-packages\uvicorn\protocols\http\h11_impl.py:482 | 127.0.0.1:54254 - "GET /restaurants/ HTTP/1.1" 200
2026-05-05 11:42:14,884 | app.core.middleware.request_logger | INFO | app\core\middleware\request_logger.py:15 | Request duration : 80.59620001586154ms | Request URL : http://127.0.0.1:8000/restaurants/ | Request Method : GET | 
2026-05-05 11:42:14,885 | uvicorn.access | INFO | .venv\Lib\site-packages\uvicorn\protocols\http\h11_impl.py:482 | 127.0.0.1:50308 - "GET /restaurants/ HTTP/1.1" 200
2026-05-05 11:42:24,071 | app.core.middleware.request_logger | INFO | app\core\middleware\request_logger.py:15 | Request duration : 76.52110001072288ms | Request URL : http://127.0.0.1:8000/restaurants/ | Request Method : GET | 
2026-05-05 11:42:24,072 | uvicorn.access | INFO | .venv\Lib\site-packages\uvicorn\protocols\http\h11_impl.py:482 | 127.0.0.1:62032 - "GET /restaurants/ HTTP/1.1" 200
2026-05-05 11:43:43,628 | app.core.middleware.request_logger | INFO | app\core\middleware\request_logger.py:15 | Request duration : 77.16919999802485ms | Request URL : http://127.0.0.1:8000/restaurants/ | Request Method : GET | 
2026-05-05 11:43:43,629 | uvicorn.access | INFO | .venv\Lib\site-packages\uvicorn\protocols\http\h11_impl.py:482 | 127.0.0.1:64558 - "GET /restaurants/ HTTP/1.1" 200
2026-05-05 12:09:15,159 | uvicorn.error | INFO | .venv\Lib\site-packages\uvicorn\server.py:272 | Shutting down
2026-05-05 12:09:15,267 | uvicorn.error | INFO | .venv\Lib\site-packages\uvicorn\lifespan\on.py:67 | Waiting for application shutdown.
2026-05-05 12:09:15,268 | uvicorn.error | INFO | .venv\Lib\site-packages\uvicorn\lifespan\on.py:76 | Application shutdown complete.
2026-05-05 12:09:15,269 | uvicorn.error | INFO | .venv\Lib\site-packages\uvicorn\server.py:102 | Finished server process [36940]
2026-05-06 04:17:19,025 | app | INFO | app\core\bootstrap.py:34 | -----------------Bootstrapping FastAPI-----------------
2026-05-06 04:17:19,027 | uvicorn.error | INFO | .venv\Lib\site-packages\uvicorn\server.py:92 | Started server process [47848]
2026-05-06 04:17:19,028 | uvicorn.error | INFO | .venv\Lib\site-packages\uvicorn\lifespan\on.py:48 | Waiting for application startup.
2026-05-06 04:17:19,029 | uvicorn.error | INFO | .venv\Lib\site-packages\uvicorn\lifespan\on.py:62 | Application startup complete.
2026-05-06 04:17:22,836 | uvicorn.access | INFO | .venv\Lib\site-packages\uvicorn\protocols\http\h11_impl.py:482 | 127.0.0.1:56988 - "GET /restaurants/ HTTP/1.1" 500
2026-05-06 04:18:41,605 | uvicorn.error | INFO | .venv\Lib\site-packages\uvicorn\server.py:272 | Shutting down
2026-05-06 04:18:41,717 | uvicorn.error | INFO | .venv\Lib\site-packages\uvicorn\lifespan\on.py:67 | Waiting for application shutdown.
2026-05-06 04:18:41,718 | uvicorn.error | INFO | .venv\Lib\site-packages\uvicorn\lifespan\on.py:76 | Application shutdown complete.
2026-05-06 04:18:41,719 | uvicorn.error | INFO | .venv\Lib\site-packages\uvicorn\server.py:102 | Finished server process [47848]
2026-05-06 04:18:45,322 | app | INFO | app\core\bootstrap.py:34 | -----------------Bootstrapping FastAPI-----------------
2026-05-06 04:18:45,324 | uvicorn.error | INFO | .venv\Lib\site-packages\uvicorn\server.py:92 | Started server process [42764]
2026-05-06 04:18:45,324 | uvicorn.error | INFO | .venv\Lib\site-packages\uvicorn\lifespan\on.py:48 | Waiting for application startup.
2026-05-06 04:18:45,326 | uvicorn.error | INFO | .venv\Lib\site-packages\uvicorn\lifespan\on.py:62 | Application startup complete.
2026-05-06 04:19:00,159 | uvicorn.error | INFO | .venv\Lib\site-packages\uvicorn\server.py:272 | Shutting down
2026-05-06 04:19:00,267 | uvicorn.error | INFO | .venv\Lib\site-packages\uvicorn\server.py:102 | Finished server process [42764]
2026-05-06 04:19:00,395 | uvicorn.error | INFO | .venv\Lib\site-packages\uvicorn\lifespan\on.py:94 | ASGI 'lifespan' protocol appears unsupported.
2026-05-06 04:19:15,333 | app | INFO | app\core\bootstrap.py:34 | -----------------Bootstrapping FastAPI-----------------
2026-05-06 04:19:15,334 | uvicorn.error | INFO | .venv\Lib\site-packages\uvicorn\server.py:92 | Started server process [50592]
2026-05-06 04:19:15,334 | uvicorn.error | INFO | .venv\Lib\site-packages\uvicorn\lifespan\on.py:48 | Waiting for application startup.
2026-05-06 04:19:15,335 | uvicorn.error | INFO | .venv\Lib\site-packages\uvicorn\lifespan\on.py:62 | Application startup complete.
2026-05-06 04:19:33,388 | app.core.middleware.request_logger | INFO | app\core\middleware\request_logger.py:15 | Request duration : 654.2768999934196ms | Request URL : http://127.0.0.1:8000/restaurants/ | Request Method : GET | 
2026-05-06 04:19:33,389 | uvicorn.access | INFO | .venv\Lib\site-packages\uvicorn\protocols\http\h11_impl.py:482 | 127.0.0.1:61818 - "GET /restaurants/ HTTP/1.1" 200
2026-05-06 04:19:47,964 | app.core.middleware.request_logger | INFO | app\core\middleware\request_logger.py:15 | Request duration : 74.11980000324547ms | Request URL : http://127.0.0.1:8000/restaurants/ | Request Method : GET | 
2026-05-06 04:19:47,968 | uvicorn.access | INFO | .venv\Lib\site-packages\uvicorn\protocols\http\h11_impl.py:482 | 127.0.0.1:54341 - "GET /restaurants/ HTTP/1.1" 200
2026-05-06 04:51:48,987 | app.core.middleware.request_logger | INFO | app\core\middleware\request_logger.py:15 | Request duration : 55.94290001317859ms | Request URL : http://127.0.0.1:8000/restaurants/ | Request Method : GET | 
2026-05-06 04:51:48,988 | uvicorn.access | INFO | .venv\Lib\site-packages\uvicorn\protocols\http\h11_impl.py:482 | 127.0.0.1:58850 - "GET /restaurants/ HTTP/1.1" 200
2026-05-06 05:24:31,045 | app.core.middleware.request_logger | INFO | app\core\middleware\request_logger.py:15 | Request duration : 65.13899998390116ms | Request URL : http://127.0.0.1:8000/restaurants/ | Request Method : GET | 
2026-05-06 05:24:31,045 | uvicorn.access | INFO | .venv\Lib\site-packages\uvicorn\protocols\http\h11_impl.py:482 | 127.0.0.1:58571 - "GET /restaurants/ HTTP/1.1" 200
2026-05-06 05:39:10,588 | app.core.middleware.request_logger | INFO | app\core\middleware\request_logger.py:15 | Request duration : 254.4511000160128ms | Request URL : http://127.0.0.1:8000/restaurants/ | Request Method : GET | 
2026-05-06 05:39:10,590 | uvicorn.access | INFO | .venv\Lib\site-packages\uvicorn\protocols\http\h11_impl.py:482 | 127.0.0.1:59872 - "GET /restaurants/ HTTP/1.1" 200
2026-05-06 06:27:15,289 | uvicorn.error | INFO | .venv\Lib\site-packages\uvicorn\server.py:272 | Shutting down
2026-05-06 06:27:15,396 | uvicorn.error | INFO | .venv\Lib\site-packages\uvicorn\lifespan\on.py:67 | Waiting for application shutdown.
2026-05-06 06:27:15,398 | uvicorn.error | INFO | .venv\Lib\site-packages\uvicorn\lifespan\on.py:76 | Application shutdown complete.
2026-05-06 06:27:15,398 | uvicorn.error | INFO | .venv\Lib\site-packages\uvicorn\server.py:102 | Finished server process [50592]
2026-05-06 06:27:24,208 | app | INFO | app\core\bootstrap.py:34 | -----------------Bootstrapping FastAPI-----------------
2026-05-06 06:27:24,211 | uvicorn.error | INFO | .venv\Lib\site-packages\uvicorn\server.py:92 | Started server process [42632]
2026-05-06 06:27:24,212 | uvicorn.error | INFO | .venv\Lib\site-packages\uvicorn\lifespan\on.py:48 | Waiting for application startup.
2026-05-06 06:27:24,216 | uvicorn.error | INFO | .venv\Lib\site-packages\uvicorn\lifespan\on.py:62 | Application startup complete.
2026-05-06 09:56:22,012 | uvicorn.error | INFO | .venv\Lib\site-packages\uvicorn\server.py:272 | Shutting down
2026-05-06 09:56:22,124 | uvicorn.error | INFO | .venv\Lib\site-packages\uvicorn\lifespan\on.py:67 | Waiting for application shutdown.
2026-05-06 09:56:22,124 | uvicorn.error | INFO | .venv\Lib\site-packages\uvicorn\lifespan\on.py:76 | Application shutdown complete.
2026-05-06 09:56:22,124 | uvicorn.error | INFO | .venv\Lib\site-packages\uvicorn\server.py:102 | Finished server process [42632]
2026-05-06 11:48:43,882 | app | INFO | app\core\bootstrap.py:34 | -----------------Bootstrapping FastAPI-----------------
2026-05-06 11:48:43,887 | uvicorn.error | INFO | .venv\Lib\site-packages\uvicorn\server.py:92 | Started server process [46380]
2026-05-06 11:48:43,887 | uvicorn.error | INFO | .venv\Lib\site-packages\uvicorn\lifespan\on.py:48 | Waiting for application startup.
2026-05-06 11:48:43,890 | uvicorn.error | INFO | .venv\Lib\site-packages\uvicorn\lifespan\on.py:62 | Application startup complete.
2026-05-06 11:49:32,325 | uvicorn.error | INFO | .venv\Lib\site-packages\uvicorn\server.py:272 | Shutting down
2026-05-06 11:49:32,434 | uvicorn.error | INFO | .venv\Lib\site-packages\uvicorn\lifespan\on.py:67 | Waiting for application shutdown.
2026-05-06 11:49:32,434 | uvicorn.error | INFO | .venv\Lib\site-packages\uvicorn\lifespan\on.py:76 | Application shutdown complete.
2026-05-06 11:49:32,434 | uvicorn.error | INFO | .venv\Lib\site-packages\uvicorn\server.py:102 | Finished server process [46380]
2026-05-06 11:49:41,645 | app | INFO | app\core\bootstrap.py:34 | -----------------Bootstrapping FastAPI-----------------
2026-05-06 11:49:41,647 | uvicorn.error | INFO | .venv\Lib\site-packages\uvicorn\server.py:92 | Started server process [49596]
2026-05-06 11:49:41,648 | uvicorn.error | INFO | .venv\Lib\site-packages\uvicorn\lifespan\on.py:48 | Waiting for application startup.
2026-05-06 11:49:41,649 | uvicorn.error | INFO | .venv\Lib\site-packages\uvicorn\lifespan\on.py:62 | Application startup complete.
2026-05-06 11:50:20,248 | uvicorn.error | INFO | .venv\Lib\site-packages\uvicorn\server.py:272 | Shutting down
2026-05-06 11:50:20,356 | uvicorn.error | INFO | .venv\Lib\site-packages\uvicorn\lifespan\on.py:67 | Waiting for application shutdown.
2026-05-06 11:50:20,358 | uvicorn.error | INFO | .venv\Lib\site-packages\uvicorn\lifespan\on.py:76 | Application shutdown complete.
2026-05-06 11:50:20,358 | uvicorn.error | INFO | .venv\Lib\site-packages\uvicorn\server.py:102 | Finished server process [49596]
2026-05-06 11:50:25,590 | app | INFO | app\core\bootstrap.py:34 | -----------------Bootstrapping FastAPI-----------------
2026-05-06 11:50:25,592 | uvicorn.error | INFO | .venv\Lib\site-packages\uvicorn\server.py:92 | Started server process [52864]
2026-05-06 11:50:25,593 | uvicorn.error | INFO | .venv\Lib\site-packages\uvicorn\lifespan\on.py:48 | Waiting for application startup.
2026-05-06 11:50:25,594 | uvicorn.error | INFO | .venv\Lib\site-packages\uvicorn\lifespan\on.py:62 | Application startup complete.
2026-05-06 11:50:28,094 | uvicorn.error | INFO | .venv\Lib\site-packages\uvicorn\server.py:272 | Shutting down
2026-05-06 11:50:28,203 | uvicorn.error | INFO | .venv\Lib\site-packages\uvicorn\lifespan\on.py:67 | Waiting for application shutdown.
2026-05-06 11:50:28,204 | uvicorn.error | INFO | .venv\Lib\site-packages\uvicorn\lifespan\on.py:76 | Application shutdown complete.
2026-05-06 11:50:28,204 | uvicorn.error | INFO | .venv\Lib\site-packages\uvicorn\server.py:102 | Finished server process [52864]
2026-05-06 11:50:33,583 | app | INFO | app\core\bootstrap.py:34 | -----------------Bootstrapping FastAPI-----------------
2026-05-06 11:50:33,586 | uvicorn.error | INFO | .venv\Lib\site-packages\uvicorn\server.py:92 | Started server process [50684]
2026-05-06 11:50:33,586 | uvicorn.error | INFO | .venv\Lib\site-packages\uvicorn\lifespan\on.py:48 | Waiting for application startup.
2026-05-06 11:50:33,587 | uvicorn.error | INFO | .venv\Lib\site-packages\uvicorn\lifespan\on.py:62 | Application startup complete.
2026-05-06 11:50:58,335 | uvicorn.error | INFO | .venv\Lib\site-packages\uvicorn\server.py:272 | Shutting down
2026-05-06 11:50:58,438 | uvicorn.error | INFO | .venv\Lib\site-packages\uvicorn\lifespan\on.py:67 | Waiting for application shutdown.
2026-05-06 11:50:58,440 | uvicorn.error | INFO | .venv\Lib\site-packages\uvicorn\lifespan\on.py:76 | Application shutdown complete.
2026-05-06 11:50:58,440 | uvicorn.error | INFO | .venv\Lib\site-packages\uvicorn\server.py:102 | Finished server process [50684]
2026-05-06 11:51:05,030 | app | INFO | app\core\bootstrap.py:34 | -----------------Bootstrapping FastAPI-----------------
2026-05-06 11:51:05,034 | uvicorn.error | INFO | .venv\Lib\site-packages\uvicorn\server.py:92 | Started server process [54464]
2026-05-06 11:51:05,034 | uvicorn.error | INFO | .venv\Lib\site-packages\uvicorn\lifespan\on.py:48 | Waiting for application startup.
2026-05-06 11:51:05,034 | uvicorn.error | INFO | .venv\Lib\site-packages\uvicorn\lifespan\on.py:62 | Application startup complete.
2026-05-06 11:55:15,169 | uvicorn.error | INFO | .venv\Lib\site-packages\uvicorn\server.py:272 | Shutting down
2026-05-06 11:55:15,277 | uvicorn.error | INFO | .venv\Lib\site-packages\uvicorn\lifespan\on.py:67 | Waiting for application shutdown.
2026-05-06 11:55:15,278 | uvicorn.error | INFO | .venv\Lib\site-packages\uvicorn\lifespan\on.py:76 | Application shutdown complete.
2026-05-06 11:55:15,278 | uvicorn.error | INFO | .venv\Lib\site-packages\uvicorn\server.py:102 | Finished server process [54464]
2026-05-06 11:55:20,070 | app | INFO | app\core\bootstrap.py:34 | -----------------Bootstrapping FastAPI-----------------
2026-05-06 11:55:20,072 | uvicorn.error | INFO | .venv\Lib\site-packages\uvicorn\server.py:92 | Started server process [35176]
2026-05-06 11:55:20,072 | uvicorn.error | INFO | .venv\Lib\site-packages\uvicorn\lifespan\on.py:48 | Waiting for application startup.
2026-05-06 11:55:20,073 | uvicorn.error | INFO | .venv\Lib\site-packages\uvicorn\lifespan\on.py:62 | Application startup complete.
2026-05-06 11:56:51,783 | uvicorn.error | INFO | .venv\Lib\site-packages\uvicorn\server.py:272 | Shutting down
2026-05-06 11:56:51,893 | uvicorn.error | INFO | .venv\Lib\site-packages\uvicorn\lifespan\on.py:67 | Waiting for application shutdown.
2026-05-06 11:56:51,894 | uvicorn.error | INFO | .venv\Lib\site-packages\uvicorn\lifespan\on.py:76 | Application shutdown complete.
2026-05-06 11:56:51,894 | uvicorn.error | INFO | .venv\Lib\site-packages\uvicorn\server.py:102 | Finished server process [35176]
2026-05-06 11:56:57,025 | app | INFO | app\core\bootstrap.py:34 | -----------------Bootstrapping FastAPI-----------------
2026-05-06 11:56:57,027 | uvicorn.error | INFO | .venv\Lib\site-packages\uvicorn\server.py:92 | Started server process [46660]
2026-05-06 11:56:57,028 | uvicorn.error | INFO | .venv\Lib\site-packages\uvicorn\lifespan\on.py:48 | Waiting for application startup.
2026-05-06 11:56:57,029 | uvicorn.error | INFO | .venv\Lib\site-packages\uvicorn\lifespan\on.py:62 | Application startup complete.
2026-05-06 15:55:42,343 | uvicorn.error | INFO | .venv\Lib\site-packages\uvicorn\server.py:272 | Shutting down
2026-05-06 15:55:42,452 | uvicorn.error | INFO | .venv\Lib\site-packages\uvicorn\lifespan\on.py:67 | Waiting for application shutdown.
2026-05-06 15:55:42,453 | uvicorn.error | INFO | .venv\Lib\site-packages\uvicorn\lifespan\on.py:76 | Application shutdown complete.
2026-05-06 15:55:42,453 | uvicorn.error | INFO | .venv\Lib\site-packages\uvicorn\server.py:102 | Finished server process [46660]
2026-05-06 15:55:46,616 | app | INFO | app\core\bootstrap.py:34 | -----------------Bootstrapping FastAPI-----------------
2026-05-06 15:55:46,618 | uvicorn.error | INFO | .venv\Lib\site-packages\uvicorn\server.py:92 | Started server process [38264]
2026-05-06 15:55:46,618 | uvicorn.error | INFO | .venv\Lib\site-packages\uvicorn\lifespan\on.py:48 | Waiting for application startup.
2026-05-06 15:55:46,619 | uvicorn.error | INFO | .venv\Lib\site-packages\uvicorn\lifespan\on.py:62 | Application startup complete.
2026-05-06 16:10:44,784 | uvicorn.error | INFO | .venv\Lib\site-packages\uvicorn\server.py:272 | Shutting down
2026-05-06 16:10:44,895 | uvicorn.error | INFO | .venv\Lib\site-packages\uvicorn\lifespan\on.py:67 | Waiting for application shutdown.
2026-05-06 16:10:44,895 | uvicorn.error | INFO | .venv\Lib\site-packages\uvicorn\lifespan\on.py:76 | Application shutdown complete.
2026-05-06 16:10:44,896 | uvicorn.error | INFO | .venv\Lib\site-packages\uvicorn\server.py:102 | Finished server process [38264]
2026-05-06 16:11:25,528 | app | INFO | app\core\bootstrap.py:34 | -----------------Bootstrapping FastAPI-----------------
2026-05-06 16:11:25,529 | uvicorn.error | INFO | .venv\Lib\site-packages\uvicorn\server.py:92 | Started server process [28044]
2026-05-06 16:11:25,530 | uvicorn.error | INFO | .venv\Lib\site-packages\uvicorn\lifespan\on.py:48 | Waiting for application startup.
2026-05-06 16:11:25,531 | uvicorn.error | INFO | .venv\Lib\site-packages\uvicorn\lifespan\on.py:62 | Application startup complete.
2026-05-06 16:11:58,389 | app.core.middleware.request_logger | INFO | app\core\middleware\request_logger.py:15 | Request duration : 2.374600007897243ms | Request URL : http://127.0.0.1:8000/ | Request Method : GET | 
2026-05-06 16:11:58,390 | uvicorn.access | INFO | .venv\Lib\site-packages\uvicorn\protocols\http\h11_impl.py:482 | 127.0.0.1:65174 - "GET / HTTP/1.1" 404
2026-05-06 16:12:02,309 | app.core.middleware.request_logger | INFO | app\core\middleware\request_logger.py:15 | Request duration : 0.46209999709390104ms | Request URL : http://127.0.0.1:8000/docs | Request Method : GET | 
2026-05-06 16:12:02,309 | uvicorn.access | INFO | .venv\Lib\site-packages\uvicorn\protocols\http\h11_impl.py:482 | 127.0.0.1:65174 - "GET /docs HTTP/1.1" 200
2026-05-06 16:12:02,623 | app.core.middleware.request_logger | INFO | app\core\middleware\request_logger.py:15 | Request duration : 201.59659997443669ms | Request URL : http://127.0.0.1:8000/openapi.json | Request Method : GET | 
2026-05-06 16:12:02,623 | uvicorn.access | INFO | .venv\Lib\site-packages\uvicorn\protocols\http\h11_impl.py:482 | 127.0.0.1:65174 - "GET /openapi.json HTTP/1.1" 200
2026-05-06 16:12:13,563 | app | INFO | app\services\user_service.py:15 | Listing all active users
2026-05-06 16:12:15,098 | app.core.middleware.request_logger | INFO | app\core\middleware\request_logger.py:15 | Request duration : 1564.409099984914ms | Request URL : http://127.0.0.1:8000/users/ | Request Method : GET | 
2026-05-06 16:12:15,099 | uvicorn.access | INFO | .venv\Lib\site-packages\uvicorn\protocols\http\h11_impl.py:482 | 127.0.0.1:61839 - "GET /users/ HTTP/1.1" 200
2026-05-06 16:14:37,117 | app.core.middleware.request_logger | INFO | app\core\middleware\request_logger.py:15 | Request duration : 0.4094999749213457ms | Request URL : http://127.0.0.1:8000/docs | Request Method : GET | 
2026-05-06 16:14:37,117 | uvicorn.access | INFO | .venv\Lib\site-packages\uvicorn\protocols\http\h11_impl.py:482 | 127.0.0.1:61590 - "GET /docs HTTP/1.1" 200
2026-05-06 16:14:52,459 | app.core.middleware.request_logger | INFO | app\core\middleware\request_logger.py:15 | Request duration : 0.5544000305235386ms | Request URL : http://127.0.0.1:8000/docs | Request Method : GET | 
2026-05-06 16:14:52,459 | uvicorn.access | INFO | .venv\Lib\site-packages\uvicorn\protocols\http\h11_impl.py:482 | 127.0.0.1:50683 - "GET /docs HTTP/1.1" 200
2026-05-06 16:14:52,842 | app.core.middleware.request_logger | INFO | app\core\middleware\request_logger.py:15 | Request duration : 2.393100003246218ms | Request URL : http://127.0.0.1:8000/openapi.json | Request Method : GET | 
2026-05-06 16:14:52,843 | uvicorn.access | INFO | .venv\Lib\site-packages\uvicorn\protocols\http\h11_impl.py:482 | 127.0.0.1:50683 - "GET /openapi.json HTTP/1.1" 200
2026-05-06 16:15:08,009 | app | INFO | app\services\user_service.py:19 | Fetching user details for ID: 100
2026-05-06 16:15:08,033 | app.core.middleware.request_logger | INFO | app\core\middleware\request_logger.py:15 | Request duration : 24.5547000085935ms | Request URL : http://127.0.0.1:8000/users/100 | Request Method : GET | 
2026-05-06 16:15:08,034 | uvicorn.access | INFO | .venv\Lib\site-packages\uvicorn\protocols\http\h11_impl.py:482 | 127.0.0.1:55176 - "GET /users/100 HTTP/1.1" 200
2026-05-06 16:16:39,404 | uvicorn.error | INFO | .venv\Lib\site-packages\uvicorn\server.py:272 | Shutting down
2026-05-06 16:16:39,512 | uvicorn.error | INFO | .venv\Lib\site-packages\uvicorn\lifespan\on.py:67 | Waiting for application shutdown.
2026-05-06 16:16:39,527 | uvicorn.error | INFO | .venv\Lib\site-packages\uvicorn\lifespan\on.py:76 | Application shutdown complete.
2026-05-06 16:16:39,528 | uvicorn.error | INFO | .venv\Lib\site-packages\uvicorn\server.py:102 | Finished server process [28044]
2026-05-06 16:16:49,953 | app | INFO | app\core\bootstrap.py:34 | -----------------Bootstrapping FastAPI-----------------
2026-05-06 16:16:49,955 | uvicorn.error | INFO | .venv\Lib\site-packages\uvicorn\server.py:92 | Started server process [35240]
2026-05-06 16:16:49,956 | uvicorn.error | INFO | .venv\Lib\site-packages\uvicorn\lifespan\on.py:48 | Waiting for application startup.
2026-05-06 16:16:49,957 | uvicorn.error | INFO | .venv\Lib\site-packages\uvicorn\lifespan\on.py:62 | Application startup complete.
2026-05-06 16:18:05,174 | uvicorn.error | INFO | .venv\Lib\site-packages\uvicorn\server.py:272 | Shutting down
2026-05-06 16:18:05,284 | uvicorn.error | INFO | .venv\Lib\site-packages\uvicorn\lifespan\on.py:67 | Waiting for application shutdown.
2026-05-06 16:18:05,284 | uvicorn.error | INFO | .venv\Lib\site-packages\uvicorn\lifespan\on.py:76 | Application shutdown complete.
2026-05-06 16:18:05,286 | uvicorn.error | INFO | .venv\Lib\site-packages\uvicorn\server.py:102 | Finished server process [35240]
2026-05-06 16:18:10,137 | app | INFO | app\core\bootstrap.py:34 | -----------------Bootstrapping FastAPI-----------------
2026-05-06 16:18:10,138 | uvicorn.error | INFO | .venv\Lib\site-packages\uvicorn\server.py:92 | Started server process [38168]
2026-05-06 16:18:10,139 | uvicorn.error | INFO | .venv\Lib\site-packages\uvicorn\lifespan\on.py:48 | Waiting for application startup.
2026-05-06 16:18:10,139 | uvicorn.error | INFO | .venv\Lib\site-packages\uvicorn\lifespan\on.py:62 | Application startup complete.
2026-05-06 16:18:30,062 | app.core.middleware.request_logger | INFO | app\core\middleware\request_logger.py:15 | Request duration : 2.641499973833561ms | Request URL : http://127.0.0.1:8000/docs | Request Method : GET | 
2026-05-06 16:18:30,065 | uvicorn.access | INFO | .venv\Lib\site-packages\uvicorn\protocols\http\h11_impl.py:482 | 127.0.0.1:51296 - "GET /docs HTTP/1.1" 200
2026-05-06 16:18:30,392 | app.core.middleware.request_logger | INFO | app\core\middleware\request_logger.py:15 | Request duration : 195.21189999068156ms | Request URL : http://127.0.0.1:8000/openapi.json | Request Method : GET | 
2026-05-06 16:18:30,393 | uvicorn.access | INFO | .venv\Lib\site-packages\uvicorn\protocols\http\h11_impl.py:482 | 127.0.0.1:51296 - "GET /openapi.json HTTP/1.1" 200
2026-05-06 16:19:12,932 | app | INFO | app\services\user_service.py:28 | Attempting to create user with email: testuser@gmail.com
2026-05-06 16:19:13,817 | uvicorn.access | INFO | .venv\Lib\site-packages\uvicorn\protocols\http\h11_impl.py:482 | 127.0.0.1:62885 - "POST /users/ HTTP/1.1" 500
2026-05-06 16:26:29,492 | app | INFO | app\services\user_service.py:19 | Fetching user details for ID: 11111
2026-05-06 16:26:29,500 | app.core.middleware.request_logger | INFO | app\core\middleware\request_logger.py:15 | Request duration : 8.324499998707324ms | Request URL : http://127.0.0.1:8000/users/11111 | Request Method : GET | 
2026-05-06 16:26:29,500 | uvicorn.access | INFO | .venv\Lib\site-packages\uvicorn\protocols\http\h11_impl.py:482 | 127.0.0.1:60255 - "GET /users/11111 HTTP/1.1" 200
2026-05-06 16:26:31,745 | app | INFO | app\services\user_service.py:19 | Fetching user details for ID: 11111
2026-05-06 16:26:31,750 | app.core.middleware.request_logger | INFO | app\core\middleware\request_logger.py:15 | Request duration : 4.583399975672364ms | Request URL : http://127.0.0.1:8000/users/11111 | Request Method : GET | 
2026-05-06 16:26:31,750 | uvicorn.access | INFO | .venv\Lib\site-packages\uvicorn\protocols\http\h11_impl.py:482 | 127.0.0.1:60255 - "GET /users/11111 HTTP/1.1" 200
2026-05-06 16:26:41,682 | app | INFO | app\services\user_service.py:19 | Fetching user details for ID: 22222
2026-05-06 16:26:41,687 | app.core.middleware.request_logger | INFO | app\core\middleware\request_logger.py:15 | Request duration : 5.038600007537752ms | Request URL : http://127.0.0.1:8000/users/22222 | Request Method : GET | 
2026-05-06 16:26:41,687 | uvicorn.access | INFO | .venv\Lib\site-packages\uvicorn\protocols\http\h11_impl.py:482 | 127.0.0.1:53968 - "GET /users/22222 HTTP/1.1" 404
2026-05-06 16:26:51,078 | app | INFO | app\services\user_service.py:19 | Fetching user details for ID: 15000
2026-05-06 16:26:51,082 | app.core.middleware.request_logger | INFO | app\core\middleware\request_logger.py:15 | Request duration : 4.200299968943ms | Request URL : http://127.0.0.1:8000/users/15000 | Request Method : GET | 
2026-05-06 16:26:51,083 | uvicorn.access | INFO | .venv\Lib\site-packages\uvicorn\protocols\http\h11_impl.py:482 | 127.0.0.1:64700 - "GET /users/15000 HTTP/1.1" 200
2026-05-06 16:26:56,773 | app | INFO | app\services\user_service.py:19 | Fetching user details for ID: 16000
2026-05-06 16:26:56,777 | app.core.middleware.request_logger | INFO | app\core\middleware\request_logger.py:15 | Request duration : 4.941400024108589ms | Request URL : http://127.0.0.1:8000/users/16000 | Request Method : GET | 
2026-05-06 16:26:56,777 | uvicorn.access | INFO | .venv\Lib\site-packages\uvicorn\protocols\http\h11_impl.py:482 | 127.0.0.1:56049 - "GET /users/16000 HTTP/1.1" 200
2026-05-06 16:27:00,892 | app | INFO | app\services\user_service.py:19 | Fetching user details for ID: 17000
2026-05-06 16:27:00,895 | app.core.middleware.request_logger | INFO | app\core\middleware\request_logger.py:15 | Request duration : 3.880399977788329ms | Request URL : http://127.0.0.1:8000/users/17000 | Request Method : GET | 
2026-05-06 16:27:00,895 | uvicorn.access | INFO | .venv\Lib\site-packages\uvicorn\protocols\http\h11_impl.py:482 | 127.0.0.1:56049 - "GET /users/17000 HTTP/1.1" 200
2026-05-06 16:27:06,206 | app | INFO | app\services\user_service.py:19 | Fetching user details for ID: 20000
2026-05-06 16:27:06,209 | app.core.middleware.request_logger | INFO | app\core\middleware\request_logger.py:15 | Request duration : 3.8514999905601144ms | Request URL : http://127.0.0.1:8000/users/20000 | Request Method : GET | 
2026-05-06 16:27:06,210 | uvicorn.access | INFO | .venv\Lib\site-packages\uvicorn\protocols\http\h11_impl.py:482 | 127.0.0.1:50306 - "GET /users/20000 HTTP/1.1" 200
2026-05-06 16:27:10,868 | app | INFO | app\services\user_service.py:19 | Fetching user details for ID: 21000
2026-05-06 16:27:10,873 | app.core.middleware.request_logger | INFO | app\core\middleware\request_logger.py:15 | Request duration : 6.454399961512536ms | Request URL : http://127.0.0.1:8000/users/21000 | Request Method : GET | 
2026-05-06 16:27:10,873 | uvicorn.access | INFO | .venv\Lib\site-packages\uvicorn\protocols\http\h11_impl.py:482 | 127.0.0.1:50306 - "GET /users/21000 HTTP/1.1" 404
2026-05-06 16:27:17,603 | app | INFO | app\services\user_service.py:19 | Fetching user details for ID: 20001
2026-05-06 16:27:17,607 | app.core.middleware.request_logger | INFO | app\core\middleware\request_logger.py:15 | Request duration : 4.012899997178465ms | Request URL : http://127.0.0.1:8000/users/20001 | Request Method : GET | 
2026-05-06 16:27:17,607 | uvicorn.access | INFO | .venv\Lib\site-packages\uvicorn\protocols\http\h11_impl.py:482 | 127.0.0.1:58664 - "GET /users/20001 HTTP/1.1" 404
2026-05-06 16:27:21,687 | app | INFO | app\services\user_service.py:19 | Fetching user details for ID: 20000
2026-05-06 16:27:21,690 | app.core.middleware.request_logger | INFO | app\core\middleware\request_logger.py:15 | Request duration : 3.198099962901324ms | Request URL : http://127.0.0.1:8000/users/20000 | Request Method : GET | 
2026-05-06 16:27:21,691 | uvicorn.access | INFO | .venv\Lib\site-packages\uvicorn\protocols\http\h11_impl.py:482 | 127.0.0.1:58664 - "GET /users/20000 HTTP/1.1" 200
2026-05-08 03:39:54,973 | app | INFO | app\core\bootstrap.py:34 | -----------------Bootstrapping FastAPI-----------------
2026-05-08 03:39:54,979 | uvicorn.error | INFO | .venv\Lib\site-packages\uvicorn\server.py:92 | Started server process [45932]
2026-05-08 03:39:54,979 | uvicorn.error | INFO | .venv\Lib\site-packages\uvicorn\lifespan\on.py:48 | Waiting for application startup.
2026-05-08 03:39:54,985 | uvicorn.error | INFO | .venv\Lib\site-packages\uvicorn\lifespan\on.py:62 | Application startup complete.
2026-05-08 03:40:17,044 | app.core.middleware.request_logger | INFO | app\core\middleware\request_logger.py:15 | Request duration : 7.4748999904841185ms | Request URL : http://127.0.0.1:8000/health | Request Method : GET | 
2026-05-08 03:40:17,044 | uvicorn.access | INFO | .venv\Lib\site-packages\uvicorn\protocols\http\h11_impl.py:482 | 127.0.0.1:50542 - "GET /health HTTP/1.1" 200
2026-05-08 03:44:02,463 | app.core.middleware.request_logger | INFO | app\core\middleware\request_logger.py:15 | Request duration : 0.7876000017859042ms | Request URL : http://127.0.0.1:8000/docs | Request Method : GET | 
2026-05-08 03:44:02,464 | uvicorn.access | INFO | .venv\Lib\site-packages\uvicorn\protocols\http\h11_impl.py:482 | 127.0.0.1:63771 - "GET /docs HTTP/1.1" 200
2026-05-08 03:44:54,245 | app.core.middleware.request_logger | INFO | app\core\middleware\request_logger.py:15 | Request duration : 0.4974000039510429ms | Request URL : http://127.0.0.1:8000/users | Request Method : GET | 
2026-05-08 03:44:54,246 | uvicorn.access | INFO | .venv\Lib\site-packages\uvicorn\protocols\http\h11_impl.py:482 | 127.0.0.1:64557 - "GET /users HTTP/1.1" 307
2026-05-08 03:44:54,281 | app | INFO | app\services\user_service.py:15 | Listing all active users
2026-05-08 03:44:56,171 | app.core.middleware.request_logger | INFO | app\core\middleware\request_logger.py:15 | Request duration : 1922.7430999744684ms | Request URL : http://127.0.0.1:8000/users/ | Request Method : GET | 
2026-05-08 03:44:56,171 | uvicorn.access | INFO | .venv\Lib\site-packages\uvicorn\protocols\http\h11_impl.py:482 | 127.0.0.1:64557 - "GET /users/ HTTP/1.1" 200
2026-05-08 03:48:08,713 | app | INFO | app\core\bootstrap.py:34 | -----------------Bootstrapping FastAPI-----------------
2026-05-08 03:48:08,713 | uvicorn.error | INFO | .venv\Lib\site-packages\uvicorn\server.py:92 | Started server process [27868]
2026-05-08 03:48:08,716 | uvicorn.error | INFO | .venv\Lib\site-packages\uvicorn\lifespan\on.py:48 | Waiting for application startup.
2026-05-08 03:48:08,721 | uvicorn.error | INFO | .venv\Lib\site-packages\uvicorn\lifespan\on.py:62 | Application startup complete.
2026-05-08 03:48:11,750 | app.core.middleware.request_logger | INFO | app\core\middleware\request_logger.py:15 | Request duration : 629.9185999669135ms | Request URL : http://127.0.0.1:8000/restaurants/ | Request Method : GET | 
2026-05-08 03:48:11,752 | uvicorn.access | INFO | .venv\Lib\site-packages\uvicorn\protocols\http\h11_impl.py:482 | 127.0.0.1:63718 - "GET /restaurants/ HTTP/1.1" 200
2026-05-08 04:01:00,937 | app.core.middleware.request_logger | INFO | app\core\middleware\request_logger.py:15 | Request duration : 73.49930005148053ms | Request URL : http://127.0.0.1:8000/restaurants/ | Request Method : GET | 
2026-05-08 04:01:00,937 | uvicorn.access | INFO | .venv\Lib\site-packages\uvicorn\protocols\http\h11_impl.py:482 | 127.0.0.1:53116 - "GET /restaurants/ HTTP/1.1" 200
2026-05-08 04:01:15,212 | app.core.middleware.request_logger | INFO | app\core\middleware\request_logger.py:15 | Request duration : 85.63789998879656ms | Request URL : http://127.0.0.1:8000/restaurants/ | Request Method : GET | 
2026-05-08 04:01:15,213 | uvicorn.access | INFO | .venv\Lib\site-packages\uvicorn\protocols\http\h11_impl.py:482 | 127.0.0.1:65308 - "GET /restaurants/ HTTP/1.1" 200
2026-05-08 04:01:45,976 | app.core.middleware.request_logger | INFO | app\core\middleware\request_logger.py:15 | Request duration : 89.71580001525581ms | Request URL : http://127.0.0.1:8000/restaurants/ | Request Method : GET | 
2026-05-08 04:01:45,977 | uvicorn.access | INFO | .venv\Lib\site-packages\uvicorn\protocols\http\h11_impl.py:482 | 127.0.0.1:50981 - "GET /restaurants/ HTTP/1.1" 200
2026-05-08 04:13:50,398 | app.core.middleware.request_logger | INFO | app\core\middleware\request_logger.py:15 | Request duration : 172.45770001318306ms | Request URL : http://127.0.0.1:8000/restaurants/ | Request Method : GET | 
2026-05-08 04:13:50,399 | uvicorn.access | INFO | .venv\Lib\site-packages\uvicorn\protocols\http\h11_impl.py:482 | 127.0.0.1:62703 - "GET /restaurants/ HTTP/1.1" 200
2026-05-08 04:13:56,582 | app.core.middleware.request_logger | INFO | app\core\middleware\request_logger.py:15 | Request duration : 78.31369998166338ms | Request URL : http://127.0.0.1:8000/restaurants/ | Request Method : GET | 
2026-05-08 04:13:56,583 | uvicorn.access | INFO | .venv\Lib\site-packages\uvicorn\protocols\http\h11_impl.py:482 | 127.0.0.1:57442 - "GET /restaurants/ HTTP/1.1" 200
2026-05-08 04:13:56,882 | app.core.middleware.request_logger | INFO | app\core\middleware\request_logger.py:15 | Request duration : 69.96090000029653ms | Request URL : http://127.0.0.1:8000/restaurants/ | Request Method : GET | 
2026-05-08 04:13:56,883 | uvicorn.access | INFO | .venv\Lib\site-packages\uvicorn\protocols\http\h11_impl.py:482 | 127.0.0.1:53554 - "GET /restaurants/ HTTP/1.1" 200
2026-05-08 04:20:40,247 | uvicorn.error | INFO | .venv\Lib\site-packages\uvicorn\server.py:272 | Shutting down
2026-05-08 04:20:40,358 | uvicorn.error | INFO | .venv\Lib\site-packages\uvicorn\lifespan\on.py:67 | Waiting for application shutdown.
2026-05-08 04:20:40,359 | uvicorn.error | INFO | .venv\Lib\site-packages\uvicorn\lifespan\on.py:76 | Application shutdown complete.
2026-05-08 04:20:40,360 | uvicorn.error | INFO | .venv\Lib\site-packages\uvicorn\server.py:102 | Finished server process [27868]
2026-05-08 04:20:56,981 | app | INFO | app\core\bootstrap.py:34 | -----------------Bootstrapping FastAPI-----------------
2026-05-08 04:20:56,983 | uvicorn.error | INFO | .venv\Lib\site-packages\uvicorn\server.py:92 | Started server process [54620]
2026-05-08 04:20:56,983 | uvicorn.error | INFO | .venv\Lib\site-packages\uvicorn\lifespan\on.py:48 | Waiting for application startup.
2026-05-08 04:20:56,984 | uvicorn.error | INFO | .venv\Lib\site-packages\uvicorn\lifespan\on.py:62 | Application startup complete.
2026-05-08 04:21:07,308 | app.core.middleware.request_logger | INFO | app\core\middleware\request_logger.py:15 | Request duration : 78.8499999907799ms | Request URL : http://127.0.0.1:8000/restaurants/ | Request Method : GET | 
2026-05-08 04:21:07,310 | uvicorn.access | INFO | .venv\Lib\site-packages\uvicorn\protocols\http\h11_impl.py:482 | 127.0.0.1:65388 - "GET /restaurants/ HTTP/1.1" 200
2026-05-08 04:40:01,220 | app.core.middleware.request_logger | INFO | app\core\middleware\request_logger.py:15 | Request duration : 184.92819997482002ms | Request URL : http://127.0.0.1:8000/restaurants/ | Request Method : GET | 
2026-05-08 04:40:01,220 | uvicorn.access | INFO | .venv\Lib\site-packages\uvicorn\protocols\http\h11_impl.py:482 | 127.0.0.1:65190 - "GET /restaurants/ HTTP/1.1" 200
2026-05-08 04:43:22,959 | app.core.middleware.request_logger | INFO | app\core\middleware\request_logger.py:15 | Request duration : 74.48519999161363ms | Request URL : http://127.0.0.1:8000/restaurants/ | Request Method : GET | 
2026-05-08 04:43:22,959 | uvicorn.access | INFO | .venv\Lib\site-packages\uvicorn\protocols\http\h11_impl.py:482 | 127.0.0.1:54151 - "GET /restaurants/ HTTP/1.1" 200
2026-05-08 04:44:12,799 | app.core.middleware.request_logger | INFO | app\core\middleware\request_logger.py:15 | Request duration : 83.75439996598288ms | Request URL : http://127.0.0.1:8000/restaurants/ | Request Method : GET | 
2026-05-08 04:44:12,800 | uvicorn.access | INFO | .venv\Lib\site-packages\uvicorn\protocols\http\h11_impl.py:482 | 127.0.0.1:55846 - "GET /restaurants/ HTTP/1.1" 200
2026-05-08 04:44:56,737 | app.core.middleware.request_logger | INFO | app\core\middleware\request_logger.py:15 | Request duration : 82.99909997731447ms | Request URL : http://127.0.0.1:8000/restaurants/ | Request Method : GET | 
2026-05-08 04:44:56,737 | uvicorn.access | INFO | .venv\Lib\site-packages\uvicorn\protocols\http\h11_impl.py:482 | 127.0.0.1:58365 - "GET /restaurants/ HTTP/1.1" 200
2026-05-08 04:45:57,872 | app.core.middleware.request_logger | INFO | app\core\middleware\request_logger.py:15 | Request duration : 181.93680001422763ms | Request URL : http://127.0.0.1:8000/restaurants/ | Request Method : GET | 
2026-05-08 04:45:57,874 | uvicorn.access | INFO | .venv\Lib\site-packages\uvicorn\protocols\http\h11_impl.py:482 | 127.0.0.1:60836 - "GET /restaurants/ HTTP/1.1" 200
2026-05-08 04:50:12,282 | app.core.middleware.request_logger | INFO | app\core\middleware\request_logger.py:15 | Request duration : 66.56950002070516ms | Request URL : http://127.0.0.1:8000/restaurants/ | Request Method : GET | 
2026-05-08 04:50:12,283 | uvicorn.access | INFO | .venv\Lib\site-packages\uvicorn\protocols\http\h11_impl.py:482 | 127.0.0.1:51684 - "GET /restaurants/ HTTP/1.1" 200
2026-05-08 04:52:09,401 | app.core.middleware.request_logger | INFO | app\core\middleware\request_logger.py:15 | Request duration : 66.36940001044422ms | Request URL : http://127.0.0.1:8000/restaurants/ | Request Method : GET | 
2026-05-08 04:52:09,402 | uvicorn.access | INFO | .venv\Lib\site-packages\uvicorn\protocols\http\h11_impl.py:482 | 127.0.0.1:50628 - "GET /restaurants/ HTTP/1.1" 200
2026-05-09 14:58:36,146 | app | INFO | app\core\bootstrap.py:34 | -----------------Bootstrapping FastAPI-----------------
2026-05-09 14:58:36,156 | app | INFO | app\core\bootstrap.py:34 | -----------------Bootstrapping FastAPI-----------------
2026-05-09 15:01:16,974 | app | INFO | app\core\bootstrap.py:34 | -----------------Bootstrapping FastAPI-----------------
2026-05-09 15:01:16,979 | uvicorn.error | INFO | .venv\Lib\site-packages\uvicorn\server.py:92 | Started server process [2420]
2026-05-09 15:01:16,979 | uvicorn.error | INFO | .venv\Lib\site-packages\uvicorn\lifespan\on.py:48 | Waiting for application startup.
2026-05-09 15:01:16,980 | uvicorn.error | INFO | .venv\Lib\site-packages\uvicorn\lifespan\on.py:62 | Application startup complete.
2026-05-09 15:01:16,981 | uvicorn.error | INFO | .venv\Lib\site-packages\uvicorn\server.py:224 | Uvicorn running on http://127.0.0.1:8001 (Press CTRL+C to quit)
2026-05-09 15:01:18,340 | app.core.middleware.request_logger | INFO | app\core\middleware\request_logger.py:15 | Request duration : 8.735299983527511ms | Request URL : http://127.0.0.1:8001/health | Request Method : GET | 
2026-05-09 15:01:18,341 | uvicorn.access | INFO | .venv\Lib\site-packages\uvicorn\protocols\http\h11_impl.py:482 | 127.0.0.1:52902 - "GET /health HTTP/1.1" 200
2026-05-09 15:01:19,630 | app.core.middleware.request_logger | INFO | app\core\middleware\request_logger.py:15 | Request duration : 1.3992000021971762ms | Request URL : http://127.0.0.1:8001/health | Request Method : GET | 
2026-05-09 15:01:19,630 | uvicorn.access | INFO | .venv\Lib\site-packages\uvicorn\protocols\http\h11_impl.py:482 | 127.0.0.1:64768 - "GET /health HTTP/1.1" 200
2026-05-09 15:01:19,638 | app | INFO | app\services\user_service.py:15 | Listing all active users
2026-05-09 15:01:20,771 | app.core.middleware.request_logger | INFO | app\core\middleware\request_logger.py:15 | Request duration : 1135.3676000144333ms | Request URL : http://127.0.0.1:8001/users/ | Request Method : GET | 
2026-05-09 15:01:20,771 | uvicorn.access | INFO | .venv\Lib\site-packages\uvicorn\protocols\http\h11_impl.py:482 | 127.0.0.1:64769 - "GET /users/ HTTP/1.1" 200
2026-05-09 15:01:20,860 | app | INFO | app\services\user_service.py:19 | Fetching user details for ID: 1
2026-05-09 15:01:20,872 | app.core.middleware.request_logger | INFO | app\core\middleware\request_logger.py:15 | Request duration : 13.843799999449402ms | Request URL : http://127.0.0.1:8001/users/1 | Request Method : GET | 
2026-05-09 15:01:20,875 | uvicorn.access | INFO | .venv\Lib\site-packages\uvicorn\protocols\http\h11_impl.py:482 | 127.0.0.1:64771 - "GET /users/1 HTTP/1.1" 200
2026-05-09 15:01:21,287 | app.core.middleware.request_logger | INFO | app\core\middleware\request_logger.py:15 | Request duration : 408.00659998785704ms | Request URL : http://127.0.0.1:8001/restaurants/ | Request Method : GET | 
2026-05-09 15:01:21,287 | uvicorn.access | INFO | .venv\Lib\site-packages\uvicorn\protocols\http\h11_impl.py:482 | 127.0.0.1:64772 - "GET /restaurants/ HTTP/1.1" 200
2026-05-09 15:01:21,328 | app.core.middleware.request_logger | INFO | app\core\middleware\request_logger.py:15 | Request duration : 5.143399990629405ms | Request URL : http://127.0.0.1:8001/restaurants/1 | Request Method : GET | 
2026-05-09 15:01:21,328 | uvicorn.access | INFO | .venv\Lib\site-packages\uvicorn\protocols\http\h11_impl.py:482 | 127.0.0.1:64773 - "GET /restaurants/1 HTTP/1.1" 200
2026-05-09 15:01:22,341 | app.core.middleware.request_logger | INFO | app\core\middleware\request_logger.py:15 | Request duration : 1009.3059999635443ms | Request URL : http://127.0.0.1:8001/menu-items/ | Request Method : GET | 
2026-05-09 15:01:22,341 | uvicorn.access | INFO | .venv\Lib\site-packages\uvicorn\protocols\http\h11_impl.py:482 | 127.0.0.1:54363 - "GET /menu-items/ HTTP/1.1" 200
2026-05-09 15:01:22,488 | app.core.middleware.request_logger | INFO | app\core\middleware\request_logger.py:15 | Request duration : 5.369300022721291ms | Request URL : http://127.0.0.1:8001/menu-items/1 | Request Method : GET | 
2026-05-09 15:01:22,489 | uvicorn.access | INFO | .venv\Lib\site-packages\uvicorn\protocols\http\h11_impl.py:482 | 127.0.0.1:54364 - "GET /menu-items/1 HTTP/1.1" 200
2026-05-09 15:01:22,554 | app.core.middleware.request_logger | INFO | app\core\middleware\request_logger.py:15 | Request duration : 41.20759997749701ms | Request URL : http://127.0.0.1:8001/offers/ | Request Method : GET | 
2026-05-09 15:01:22,554 | uvicorn.access | INFO | .venv\Lib\site-packages\uvicorn\protocols\http\h11_impl.py:482 | 127.0.0.1:54365 - "GET /offers/ HTTP/1.1" 200
2026-05-09 15:01:22,565 | app.core.middleware.request_logger | INFO | app\core\middleware\request_logger.py:15 | Request duration : 5.80500002251938ms | Request URL : http://127.0.0.1:8001/offers/1 | Request Method : GET | 
2026-05-09 15:01:22,565 | uvicorn.access | INFO | .venv\Lib\site-packages\uvicorn\protocols\http\h11_impl.py:482 | 127.0.0.1:54366 - "GET /offers/1 HTTP/1.1" 200
2026-05-09 15:01:27,838 | app.core.middleware.request_logger | INFO | app\core\middleware\request_logger.py:15 | Request duration : 5269.204300013371ms | Request URL : http://127.0.0.1:8001/orders/ | Request Method : GET | 
2026-05-09 15:01:27,839 | uvicorn.access | INFO | .venv\Lib\site-packages\uvicorn\protocols\http\h11_impl.py:482 | 127.0.0.1:54367 - "GET /orders/ HTTP/1.1" 200
2026-05-09 15:01:28,405 | app.core.middleware.request_logger | INFO | app\core\middleware\request_logger.py:15 | Request duration : 5.873599962797016ms | Request URL : http://127.0.0.1:8001/orders/1 | Request Method : GET | 
2026-05-09 15:01:28,406 | uvicorn.access | INFO | .venv\Lib\site-packages\uvicorn\protocols\http\h11_impl.py:482 | 127.0.0.1:53581 - "GET /orders/1 HTTP/1.1" 200
2026-05-09 15:02:41,942 | app | INFO | app\core\bootstrap.py:34 | -----------------Bootstrapping FastAPI-----------------
2026-05-09 15:02:41,944 | uvicorn.error | INFO | .venv\Lib\site-packages\uvicorn\server.py:92 | Started server process [41568]
2026-05-09 15:02:41,944 | uvicorn.error | INFO | .venv\Lib\site-packages\uvicorn\lifespan\on.py:48 | Waiting for application startup.
2026-05-09 15:02:41,945 | uvicorn.error | INFO | .venv\Lib\site-packages\uvicorn\lifespan\on.py:62 | Application startup complete.
2026-05-09 15:02:41,946 | uvicorn.error | INFO | .venv\Lib\site-packages\uvicorn\server.py:224 | Uvicorn running on http://127.0.0.1:8001 (Press CTRL+C to quit)
2026-05-09 15:02:42,296 | app.core.middleware.request_logger | INFO | app\core\middleware\request_logger.py:15 | Request duration : 8.757700037676841ms | Request URL : http://127.0.0.1:8001/health | Request Method : GET | 
2026-05-09 15:02:42,296 | uvicorn.access | INFO | .venv\Lib\site-packages\uvicorn\protocols\http\h11_impl.py:482 | 127.0.0.1:65286 - "GET /health HTTP/1.1" 200
2026-05-09 15:02:43,522 | app.core.middleware.request_logger | INFO | app\core\middleware\request_logger.py:15 | Request duration : 1.7455000197514892ms | Request URL : http://127.0.0.1:8001/health | Request Method : GET | 
2026-05-09 15:02:43,523 | uvicorn.access | INFO | .venv\Lib\site-packages\uvicorn\protocols\http\h11_impl.py:482 | 127.0.0.1:57174 - "GET /health HTTP/1.1" 200
2026-05-09 15:02:43,553 | app | INFO | app\services\user_service.py:15 | Listing all active users
2026-05-09 15:02:44,686 | app.core.middleware.request_logger | INFO | app\core\middleware\request_logger.py:15 | Request duration : 1135.219399991911ms | Request URL : http://127.0.0.1:8001/users/ | Request Method : GET | 
2026-05-09 15:02:44,686 | uvicorn.access | INFO | .venv\Lib\site-packages\uvicorn\protocols\http\h11_impl.py:482 | 127.0.0.1:57175 - "GET /users/ HTTP/1.1" 200
2026-05-09 15:02:44,699 | app | INFO | app\services\user_service.py:19 | Fetching user details for ID: 1
2026-05-09 15:02:44,705 | app.core.middleware.request_logger | INFO | app\core\middleware\request_logger.py:15 | Request duration : 7.909399981144816ms | Request URL : http://127.0.0.1:8001/users/1 | Request Method : GET | 
2026-05-09 15:02:44,706 | uvicorn.access | INFO | .venv\Lib\site-packages\uvicorn\protocols\http\h11_impl.py:482 | 127.0.0.1:56790 - "GET /users/1 HTTP/1.1" 200
2026-05-09 15:02:44,997 | app.core.middleware.request_logger | INFO | app\core\middleware\request_logger.py:15 | Request duration : 287.62270003790036ms | Request URL : http://127.0.0.1:8001/restaurants/ | Request Method : GET | 
2026-05-09 15:02:44,997 | uvicorn.access | INFO | .venv\Lib\site-packages\uvicorn\protocols\http\h11_impl.py:482 | 127.0.0.1:56791 - "GET /restaurants/ HTTP/1.1" 200
2026-05-09 15:02:45,008 | app.core.middleware.request_logger | INFO | app\core\middleware\request_logger.py:15 | Request duration : 5.923599994275719ms | Request URL : http://127.0.0.1:8001/restaurants/1 | Request Method : GET | 
2026-05-09 15:02:45,008 | uvicorn.access | INFO | .venv\Lib\site-packages\uvicorn\protocols\http\h11_impl.py:482 | 127.0.0.1:56792 - "GET /restaurants/1 HTTP/1.1" 200
2026-05-09 15:02:45,954 | app.core.middleware.request_logger | INFO | app\core\middleware\request_logger.py:15 | Request duration : 922.6605999865569ms | Request URL : http://127.0.0.1:8001/menu-items/ | Request Method : GET | 
2026-05-09 15:02:45,955 | uvicorn.access | INFO | .venv\Lib\site-packages\uvicorn\protocols\http\h11_impl.py:482 | 127.0.0.1:56793 - "GET /menu-items/ HTTP/1.1" 200
2026-05-09 15:02:45,989 | app.core.middleware.request_logger | INFO | app\core\middleware\request_logger.py:15 | Request duration : 5.522800027392805ms | Request URL : http://127.0.0.1:8001/menu-items/1 | Request Method : GET | 
2026-05-09 15:02:45,990 | uvicorn.access | INFO | .venv\Lib\site-packages\uvicorn\protocols\http\h11_impl.py:482 | 127.0.0.1:65108 - "GET /menu-items/1 HTTP/1.1" 200
2026-05-09 15:02:46,038 | app.core.middleware.request_logger | INFO | app\core\middleware\request_logger.py:15 | Request duration : 45.155600004363805ms | Request URL : http://127.0.0.1:8001/offers/ | Request Method : GET | 
2026-05-09 15:02:46,039 | uvicorn.access | INFO | .venv\Lib\site-packages\uvicorn\protocols\http\h11_impl.py:482 | 127.0.0.1:65109 - "GET /offers/ HTTP/1.1" 200
2026-05-09 15:02:46,047 | app.core.middleware.request_logger | INFO | app\core\middleware\request_logger.py:15 | Request duration : 4.8248000093735754ms | Request URL : http://127.0.0.1:8001/offers/1 | Request Method : GET | 
2026-05-09 15:02:46,048 | uvicorn.access | INFO | .venv\Lib\site-packages\uvicorn\protocols\http\h11_impl.py:482 | 127.0.0.1:65110 - "GET /offers/1 HTTP/1.1" 200
2026-05-09 15:02:50,916 | app.core.middleware.request_logger | INFO | app\core\middleware\request_logger.py:15 | Request duration : 4864.740199991502ms | Request URL : http://127.0.0.1:8001/orders/ | Request Method : GET | 
2026-05-09 15:02:50,917 | uvicorn.access | INFO | .venv\Lib\site-packages\uvicorn\protocols\http\h11_impl.py:482 | 127.0.0.1:65111 - "GET /orders/ HTTP/1.1" 200
2026-05-09 15:02:50,951 | app.core.middleware.request_logger | INFO | app\core\middleware\request_logger.py:15 | Request duration : 8.699600002728403ms | Request URL : http://127.0.0.1:8001/orders/1 | Request Method : GET | 
2026-05-09 15:02:50,951 | uvicorn.access | INFO | .venv\Lib\site-packages\uvicorn\protocols\http\h11_impl.py:482 | 127.0.0.1:58663 - "GET /orders/1 HTTP/1.1" 200
2026-05-09 15:03:02,669 | app.core.middleware.request_logger | INFO | app\core\middleware\request_logger.py:15 | Request duration : 11714.459299982991ms | Request URL : http://127.0.0.1:8001/order-items/ | Request Method : GET | 
2026-05-09 15:03:02,670 | uvicorn.access | INFO | .venv\Lib\site-packages\uvicorn\protocols\http\h11_impl.py:482 | 127.0.0.1:58664 - "GET /order-items/ HTTP/1.1" 200
2026-05-09 15:03:02,714 | app.core.middleware.request_logger | INFO | app\core\middleware\request_logger.py:15 | Request duration : 10.897600033786148ms | Request URL : http://127.0.0.1:8001/order-items/1 | Request Method : GET | 
2026-05-09 15:03:02,715 | uvicorn.access | INFO | .venv\Lib\site-packages\uvicorn\protocols\http\h11_impl.py:482 | 127.0.0.1:62753 - "GET /order-items/1 HTTP/1.1" 200
2026-05-09 15:03:02,999 | app.core.middleware.request_logger | INFO | app\core\middleware\request_logger.py:15 | Request duration : 278.963599994313ms | Request URL : http://127.0.0.1:8001/order-items/order/1 | Request Method : GET | 
2026-05-09 15:03:03,000 | uvicorn.access | INFO | .venv\Lib\site-packages\uvicorn\protocols\http\h11_impl.py:482 | 127.0.0.1:62754 - "GET /order-items/order/1 HTTP/1.1" 200
2026-05-09 15:03:04,676 | app.core.middleware.request_logger | INFO | app\core\middleware\request_logger.py:15 | Request duration : 1672.8848000057042ms | Request URL : http://127.0.0.1:8001/order-ratings/ | Request Method : GET | 
2026-05-09 15:03:04,677 | uvicorn.access | INFO | .venv\Lib\site-packages\uvicorn\protocols\http\h11_impl.py:482 | 127.0.0.1:62755 - "GET /order-ratings/ HTTP/1.1" 200
2026-05-09 15:03:04,703 | app.core.middleware.request_logger | INFO | app\core\middleware\request_logger.py:15 | Request duration : 5.5269000004045665ms | Request URL : http://127.0.0.1:8001/order-ratings/1 | Request Method : GET | 
2026-05-09 15:03:04,704 | uvicorn.access | INFO | .venv\Lib\site-packages\uvicorn\protocols\http\h11_impl.py:482 | 127.0.0.1:52201 - "GET /order-ratings/1 HTTP/1.1" 200
2026-05-09 15:03:05,973 | app.core.middleware.request_logger | INFO | app\core\middleware\request_logger.py:15 | Request duration : 1242.7989999996498ms | Request URL : http://127.0.0.1:8001/user-addresses/ | Request Method : GET | 
2026-05-09 15:03:05,973 | uvicorn.access | INFO | .venv\Lib\site-packages\uvicorn\protocols\http\h11_impl.py:482 | 127.0.0.1:52202 - "GET /user-addresses/ HTTP/1.1" 200
2026-05-09 15:03:06,002 | app.core.middleware.request_logger | INFO | app\core\middleware\request_logger.py:15 | Request duration : 6.104799977038056ms | Request URL : http://127.0.0.1:8001/user-addresses/1 | Request Method : GET | 
2026-05-09 15:03:06,002 | uvicorn.access | INFO | .venv\Lib\site-packages\uvicorn\protocols\http\h11_impl.py:482 | 127.0.0.1:52203 - "GET /user-addresses/1 HTTP/1.1" 200
2026-05-09 15:03:06,012 | app.core.middleware.request_logger | INFO | app\core\middleware\request_logger.py:15 | Request duration : 5.775100027676672ms | Request URL : http://127.0.0.1:8001/user-addresses/user/1 | Request Method : GET | 
2026-05-09 15:03:06,013 | uvicorn.access | INFO | .venv\Lib\site-packages\uvicorn\protocols\http\h11_impl.py:482 | 127.0.0.1:53219 - "GET /user-addresses/user/1 HTTP/1.1" 200
2026-05-09 15:03:06,019 | app | INFO | app\services\user_service.py:28 | Attempting to create user with email: test-5983bbe8@example.com
2026-05-09 15:03:06,794 | uvicorn.access | INFO | .venv\Lib\site-packages\uvicorn\protocols\http\h11_impl.py:482 | 127.0.0.1:53220 - "POST /users/ HTTP/1.1" 500
2026-05-09 15:03:07,153 | app.core.middleware.request_logger | INFO | app\core\middleware\request_logger.py:15 | Request duration : 62.425300013273954ms | Request URL : http://127.0.0.1:8001/restaurants/ | Request Method : POST | 
2026-05-09 15:03:07,154 | uvicorn.access | INFO | .venv\Lib\site-packages\uvicorn\protocols\http\h11_impl.py:482 | 127.0.0.1:53222 - "POST /restaurants/ HTTP/1.1" 201
2026-05-09 15:03:07,391 | app.core.middleware.request_logger | INFO | app\core\middleware\request_logger.py:15 | Request duration : 232.97939996700734ms | Request URL : http://127.0.0.1:8001/restaurants/2001 | Request Method : PUT | 
2026-05-09 15:03:07,391 | uvicorn.access | INFO | .venv\Lib\site-packages\uvicorn\protocols\http\h11_impl.py:482 | 127.0.0.1:53223 - "PUT /restaurants/2001 HTTP/1.1" 200
2026-05-09 15:03:07,448 | app.core.middleware.request_logger | INFO | app\core\middleware\request_logger.py:15 | Request duration : 52.33179999049753ms | Request URL : http://127.0.0.1:8001/menu-items/ | Request Method : POST | 
2026-05-09 15:03:07,448 | uvicorn.access | INFO | .venv\Lib\site-packages\uvicorn\protocols\http\h11_impl.py:482 | 127.0.0.1:53224 - "POST /menu-items/ HTTP/1.1" 201
2026-05-09 15:03:07,467 | app.core.middleware.request_logger | INFO | app\core\middleware\request_logger.py:15 | Request duration : 15.634500014130026ms | Request URL : http://127.0.0.1:8001/menu-items/20001 | Request Method : PUT | 
2026-05-09 15:03:07,468 | uvicorn.access | INFO | .venv\Lib\site-packages\uvicorn\protocols\http\h11_impl.py:482 | 127.0.0.1:53225 - "PUT /menu-items/20001 HTTP/1.1" 200
2026-05-09 15:03:07,532 | app.core.middleware.request_logger | INFO | app\core\middleware\request_logger.py:15 | Request duration : 39.81949994340539ms | Request URL : http://127.0.0.1:8001/offers/ | Request Method : POST | 
2026-05-09 15:03:07,536 | uvicorn.access | INFO | .venv\Lib\site-packages\uvicorn\protocols\http\h11_impl.py:482 | 127.0.0.1:53226 - "POST /offers/ HTTP/1.1" 201
2026-05-09 15:03:07,559 | app.core.middleware.request_logger | INFO | app\core\middleware\request_logger.py:15 | Request duration : 9.916499955579638ms | Request URL : http://127.0.0.1:8001/offers/101 | Request Method : PUT | 
2026-05-09 15:03:07,568 | uvicorn.access | INFO | .venv\Lib\site-packages\uvicorn\protocols\http\h11_impl.py:482 | 127.0.0.1:53227 - "PUT /offers/101 HTTP/1.1" 200
2026-05-09 15:03:07,619 | app.core.middleware.request_logger | INFO | app\core\middleware\request_logger.py:15 | Request duration : 46.653500001411885ms | Request URL : http://127.0.0.1:8001/carts/ | Request Method : POST | 
2026-05-09 15:03:07,620 | uvicorn.access | INFO | .venv\Lib\site-packages\uvicorn\protocols\http\h11_impl.py:482 | 127.0.0.1:53228 - "POST /carts/ HTTP/1.1" 201
2026-05-09 15:03:07,635 | app.core.middleware.request_logger | INFO | app\core\middleware\request_logger.py:15 | Request duration : 11.047400010284036ms | Request URL : http://127.0.0.1:8001/carts/1 | Request Method : PUT | 
2026-05-09 15:03:07,635 | uvicorn.access | INFO | .venv\Lib\site-packages\uvicorn\protocols\http\h11_impl.py:482 | 127.0.0.1:53229 - "PUT /carts/1 HTTP/1.1" 200
2026-05-09 15:03:07,661 | app.core.middleware.request_logger | INFO | app\core\middleware\request_logger.py:15 | Request duration : 22.53079996444285ms | Request URL : http://127.0.0.1:8001/cart-items/ | Request Method : POST | 
2026-05-09 15:03:07,661 | uvicorn.access | INFO | .venv\Lib\site-packages\uvicorn\protocols\http\h11_impl.py:482 | 127.0.0.1:53230 - "POST /cart-items/ HTTP/1.1" 201
2026-05-09 15:03:07,681 | app.core.middleware.request_logger | INFO | app\core\middleware\request_logger.py:15 | Request duration : 15.208400029223412ms | Request URL : http://127.0.0.1:8001/cart-items/1 | Request Method : PUT | 
2026-05-09 15:03:07,682 | uvicorn.access | INFO | .venv\Lib\site-packages\uvicorn\protocols\http\h11_impl.py:482 | 127.0.0.1:53231 - "PUT /cart-items/1 HTTP/1.1" 200
2026-05-09 15:03:07,734 | app.core.middleware.request_logger | INFO | app\core\middleware\request_logger.py:15 | Request duration : 48.12059999676421ms | Request URL : http://127.0.0.1:8001/orders/ | Request Method : POST | 
2026-05-09 15:03:07,734 | uvicorn.access | INFO | .venv\Lib\site-packages\uvicorn\protocols\http\h11_impl.py:482 | 127.0.0.1:53232 - "POST /orders/ HTTP/1.1" 201
2026-05-09 15:03:07,772 | app.core.middleware.request_logger | INFO | app\core\middleware\request_logger.py:15 | Request duration : 13.02770001348108ms | Request URL : http://127.0.0.1:8001/orders/100001 | Request Method : PATCH | 
2026-05-09 15:03:07,772 | uvicorn.access | INFO | .venv\Lib\site-packages\uvicorn\protocols\http\h11_impl.py:482 | 127.0.0.1:53233 - "PATCH /orders/100001 HTTP/1.1" 200
2026-05-09 15:03:07,834 | app.core.middleware.request_logger | INFO | app\core\middleware\request_logger.py:15 | Request duration : 44.633999990765005ms | Request URL : http://127.0.0.1:8001/order-items/ | Request Method : POST | 
2026-05-09 15:03:07,835 | uvicorn.access | INFO | .venv\Lib\site-packages\uvicorn\protocols\http\h11_impl.py:482 | 127.0.0.1:53234 - "POST /order-items/ HTTP/1.1" 201
2026-05-09 15:03:07,863 | app.core.middleware.request_logger | INFO | app\core\middleware\request_logger.py:15 | Request duration : 10.588100005406886ms | Request URL : http://127.0.0.1:8001/order-items/300035 | Request Method : PATCH | 
2026-05-09 15:03:07,864 | uvicorn.access | INFO | .venv\Lib\site-packages\uvicorn\protocols\http\h11_impl.py:482 | 127.0.0.1:53235 - "PATCH /order-items/300035 HTTP/1.1" 200
2026-05-09 15:03:07,912 | app.core.middleware.request_logger | INFO | app\core\middleware\request_logger.py:15 | Request duration : 44.068000046536326ms | Request URL : http://127.0.0.1:8001/order-ratings/ | Request Method : POST | 
2026-05-09 15:03:07,912 | uvicorn.access | INFO | .venv\Lib\site-packages\uvicorn\protocols\http\h11_impl.py:482 | 127.0.0.1:53236 - "POST /order-ratings/ HTTP/1.1" 201
2026-05-09 15:03:07,930 | app.core.middleware.request_logger | INFO | app\core\middleware\request_logger.py:15 | Request duration : 12.724899977911264ms | Request URL : http://127.0.0.1:8001/order-ratings/59798 | Request Method : PATCH | 
2026-05-09 15:03:07,931 | uvicorn.access | INFO | .venv\Lib\site-packages\uvicorn\protocols\http\h11_impl.py:482 | 127.0.0.1:53237 - "PATCH /order-ratings/59798 HTTP/1.1" 200
2026-05-09 15:03:08,396 | uvicorn.access | INFO | .venv\Lib\site-packages\uvicorn\protocols\http\h11_impl.py:482 | 127.0.0.1:53238 - "POST /user-addresses/ HTTP/1.1" 500
2026-05-09 15:03:08,421 | uvicorn.access | INFO | .venv\Lib\site-packages\uvicorn\protocols\http\h11_impl.py:482 | 127.0.0.1:53239 - "POST /user-addresses/ HTTP/1.1" 500
2026-05-09 15:03:08,440 | app.core.middleware.request_logger | INFO | app\core\middleware\request_logger.py:15 | Request duration : 7.8233000240288675ms | Request URL : http://127.0.0.1:8001/order-ratings/59798 | Request Method : DELETE | 
2026-05-09 15:03:08,440 | uvicorn.access | INFO | .venv\Lib\site-packages\uvicorn\protocols\http\h11_impl.py:482 | 127.0.0.1:53240 - "DELETE /order-ratings/59798 HTTP/1.1" 204
2026-05-09 15:03:08,452 | app.core.middleware.request_logger | INFO | app\core\middleware\request_logger.py:15 | Request duration : 7.914900023024529ms | Request URL : http://127.0.0.1:8001/order-items/300035 | Request Method : DELETE | 
2026-05-09 15:03:08,452 | uvicorn.access | INFO | .venv\Lib\site-packages\uvicorn\protocols\http\h11_impl.py:482 | 127.0.0.1:53241 - "DELETE /order-items/300035 HTTP/1.1" 204
2026-05-09 15:03:08,463 | app.core.middleware.request_logger | INFO | app\core\middleware\request_logger.py:15 | Request duration : 7.790700008627027ms | Request URL : http://127.0.0.1:8001/orders/100001 | Request Method : DELETE | 
2026-05-09 15:03:08,464 | uvicorn.access | INFO | .venv\Lib\site-packages\uvicorn\protocols\http\h11_impl.py:482 | 127.0.0.1:53242 - "DELETE /orders/100001 HTTP/1.1" 204
2026-05-09 15:03:08,474 | app.core.middleware.request_logger | INFO | app\core\middleware\request_logger.py:15 | Request duration : 7.253000047057867ms | Request URL : http://127.0.0.1:8001/cart-items/1 | Request Method : DELETE | 
2026-05-09 15:03:08,475 | uvicorn.access | INFO | .venv\Lib\site-packages\uvicorn\protocols\http\h11_impl.py:482 | 127.0.0.1:53243 - "DELETE /cart-items/1 HTTP/1.1" 204
2026-05-09 15:03:08,486 | app.core.middleware.request_logger | INFO | app\core\middleware\request_logger.py:15 | Request duration : 8.117999997921288ms | Request URL : http://127.0.0.1:8001/carts/1 | Request Method : DELETE | 
2026-05-09 15:03:08,487 | uvicorn.access | INFO | .venv\Lib\site-packages\uvicorn\protocols\http\h11_impl.py:482 | 127.0.0.1:53244 - "DELETE /carts/1 HTTP/1.1" 204
2026-05-09 15:03:08,497 | app.core.middleware.request_logger | INFO | app\core\middleware\request_logger.py:15 | Request duration : 6.897700019180775ms | Request URL : http://127.0.0.1:8001/offers/101 | Request Method : DELETE | 
2026-05-09 15:03:08,497 | uvicorn.access | INFO | .venv\Lib\site-packages\uvicorn\protocols\http\h11_impl.py:482 | 127.0.0.1:53245 - "DELETE /offers/101 HTTP/1.1" 204
2026-05-09 15:03:08,510 | app.core.middleware.request_logger | INFO | app\core\middleware\request_logger.py:15 | Request duration : 8.892100013326854ms | Request URL : http://127.0.0.1:8001/menu-items/20001 | Request Method : DELETE | 
2026-05-09 15:03:08,511 | uvicorn.access | INFO | .venv\Lib\site-packages\uvicorn\protocols\http\h11_impl.py:482 | 127.0.0.1:53246 - "DELETE /menu-items/20001 HTTP/1.1" 204
2026-05-09 15:03:08,523 | app.core.middleware.request_logger | INFO | app\core\middleware\request_logger.py:15 | Request duration : 7.89850001456216ms | Request URL : http://127.0.0.1:8001/restaurants/2001 | Request Method : DELETE | 
2026-05-09 15:03:08,523 | uvicorn.access | INFO | .venv\Lib\site-packages\uvicorn\protocols\http\h11_impl.py:482 | 127.0.0.1:53247 - "DELETE /restaurants/2001 HTTP/1.1" 204
2026-05-10 06:09:19,029 | uvicorn.error | INFO | .venv\Lib\site-packages\uvicorn\server.py:272 | Shutting down
2026-05-10 06:09:19,193 | uvicorn.error | INFO | .venv\Lib\site-packages\uvicorn\lifespan\on.py:67 | Waiting for application shutdown.
2026-05-10 06:09:19,226 | uvicorn.error | INFO | .venv\Lib\site-packages\uvicorn\lifespan\on.py:76 | Application shutdown complete.
2026-05-10 06:09:19,232 | uvicorn.error | INFO | .venv\Lib\site-packages\uvicorn\server.py:102 | Finished server process [54620]
2026-05-10 06:09:30,238 | app | INFO | app\core\bootstrap.py:34 | -----------------Bootstrapping FastAPI-----------------
2026-05-10 06:09:30,241 | uvicorn.error | INFO | .venv\Lib\site-packages\uvicorn\server.py:92 | Started server process [34188]
2026-05-10 06:09:30,242 | uvicorn.error | INFO | .venv\Lib\site-packages\uvicorn\lifespan\on.py:48 | Waiting for application startup.
2026-05-10 06:09:30,246 | uvicorn.error | INFO | .venv\Lib\site-packages\uvicorn\lifespan\on.py:62 | Application startup complete.
2026-05-10 06:09:30,428 | uvicorn.error | INFO | .venv\Lib\site-packages\uvicorn\server.py:272 | Shutting down
2026-05-10 06:09:30,637 | uvicorn.error | INFO | .venv\Lib\site-packages\uvicorn\lifespan\on.py:67 | Waiting for application shutdown.
2026-05-10 06:09:30,674 | uvicorn.error | INFO | .venv\Lib\site-packages\uvicorn\lifespan\on.py:76 | Application shutdown complete.
2026-05-10 06:09:30,682 | uvicorn.error | INFO | .venv\Lib\site-packages\uvicorn\server.py:102 | Finished server process [45932]
2026-05-10 06:09:43,611 | app | INFO | app\core\bootstrap.py:34 | -----------------Bootstrapping FastAPI-----------------
2026-05-10 06:09:43,614 | uvicorn.error | INFO | .venv\Lib\site-packages\uvicorn\server.py:92 | Started server process [48916]
2026-05-10 06:09:43,615 | uvicorn.error | INFO | .venv\Lib\site-packages\uvicorn\lifespan\on.py:48 | Waiting for application startup.
2026-05-10 06:09:43,616 | uvicorn.error | INFO | .venv\Lib\site-packages\uvicorn\lifespan\on.py:62 | Application startup complete.
2026-05-10 07:51:33,410 | app | INFO | app\core\bootstrap.py:34 | -----------------Bootstrapping FastAPI-----------------
2026-05-10 07:51:33,427 | uvicorn.error | INFO | .venv\Lib\site-packages\uvicorn\server.py:92 | Started server process [51880]
2026-05-10 07:51:33,435 | uvicorn.error | INFO | .venv\Lib\site-packages\uvicorn\lifespan\on.py:48 | Waiting for application startup.
2026-05-10 07:51:33,438 | uvicorn.error | INFO | .venv\Lib\site-packages\uvicorn\lifespan\on.py:62 | Application startup complete.
2026-05-10 07:51:33,441 | uvicorn.error | INFO | .venv\Lib\site-packages\uvicorn\server.py:224 | Uvicorn running on http://127.0.0.1:8001 (Press CTRL+C to quit)
2026-05-10 07:51:33,666 | app.core.middleware.request_logger | INFO | app\core\middleware\request_logger.py:15 | Request duration : 47.06999997142702ms | Request URL : http://127.0.0.1:8001/health | Request Method : GET | 
2026-05-10 07:51:33,667 | uvicorn.access | INFO | .venv\Lib\site-packages\uvicorn\protocols\http\h11_impl.py:482 | 127.0.0.1:62068 - "GET /health HTTP/1.1" 200
2026-05-10 07:51:35,810 | app.core.middleware.request_logger | INFO | app\core\middleware\request_logger.py:15 | Request duration : 2.311200019903481ms | Request URL : http://127.0.0.1:8001/health | Request Method : GET | 
2026-05-10 07:51:35,810 | uvicorn.access | INFO | .venv\Lib\site-packages\uvicorn\protocols\http\h11_impl.py:482 | 127.0.0.1:52786 - "GET /health HTTP/1.1" 200
2026-05-10 07:51:35,839 | app | INFO | app\services\user_service.py:19 | Fetching user details for ID: 1
2026-05-10 07:51:36,261 | app.core.middleware.request_logger | INFO | app\core\middleware\request_logger.py:15 | Request duration : 438.82260005921125ms | Request URL : http://127.0.0.1:8001/users/1 | Request Method : GET | 
2026-05-10 07:51:36,262 | uvicorn.access | INFO | .venv\Lib\site-packages\uvicorn\protocols\http\h11_impl.py:482 | 127.0.0.1:52787 - "GET /users/1 HTTP/1.1" 200
2026-05-10 07:51:36,316 | app.core.middleware.request_logger | INFO | app\core\middleware\request_logger.py:15 | Request duration : 52.34309996012598ms | Request URL : http://127.0.0.1:8001/user-addresses/1 | Request Method : GET | 
2026-05-10 07:51:36,320 | uvicorn.access | INFO | .venv\Lib\site-packages\uvicorn\protocols\http\h11_impl.py:482 | 127.0.0.1:53031 - "GET /user-addresses/1 HTTP/1.1" 200
2026-05-10 07:51:36,327 | app | INFO | app\services\user_service.py:28 | Attempting to create user with email: test-90c96a56@example.com
2026-05-10 07:51:36,895 | app.core.middleware.request_logger | INFO | app\core\middleware\request_logger.py:15 | Request duration : 569.4910000311211ms | Request URL : http://127.0.0.1:8001/users/ | Request Method : POST | 
2026-05-10 07:51:36,895 | uvicorn.access | INFO | .venv\Lib\site-packages\uvicorn\protocols\http\h11_impl.py:482 | 127.0.0.1:53319 - "POST /users/ HTTP/1.1" 201
2026-05-10 07:51:36,917 | app | INFO | app\services\user_service.py:44 | Updating user with ID: 20001
2026-05-10 07:51:36,919 | app | INFO | app\services\user_service.py:19 | Fetching user details for ID: 20001
2026-05-10 07:51:36,998 | app.core.middleware.request_logger | INFO | app\core\middleware\request_logger.py:15 | Request duration : 83.73750001192093ms | Request URL : http://127.0.0.1:8001/users/20001 | Request Method : PUT | 
2026-05-10 07:51:37,000 | uvicorn.access | INFO | .venv\Lib\site-packages\uvicorn\protocols\http\h11_impl.py:482 | 127.0.0.1:50868 - "PUT /users/20001 HTTP/1.1" 200
2026-05-10 07:51:37,740 | uvicorn.access | INFO | .venv\Lib\site-packages\uvicorn\protocols\http\h11_impl.py:482 | 127.0.0.1:50869 - "POST /user-addresses/ HTTP/1.1" 500
2026-05-10 07:51:38,007 | app | INFO | app\services\user_service.py:19 | Fetching user details for ID: 20001
2026-05-10 07:51:38,014 | app.core.middleware.request_logger | INFO | app\core\middleware\request_logger.py:15 | Request duration : 9.958600043319166ms | Request URL : http://127.0.0.1:8001/users/20001 | Request Method : DELETE | 
2026-05-10 07:51:38,016 | uvicorn.access | INFO | .venv\Lib\site-packages\uvicorn\protocols\http\h11_impl.py:482 | 127.0.0.1:50870 - "DELETE /users/20001 HTTP/1.1" 204
2026-05-10 08:13:07,568 | app | INFO | app\core\bootstrap.py:34 | -----------------Bootstrapping FastAPI-----------------
2026-05-10 08:13:07,569 | uvicorn.error | INFO | .venv\Lib\site-packages\uvicorn\server.py:92 | Started server process [29464]
2026-05-10 08:13:07,571 | uvicorn.error | INFO | .venv\Lib\site-packages\uvicorn\lifespan\on.py:48 | Waiting for application startup.
2026-05-10 08:13:07,571 | uvicorn.error | INFO | .venv\Lib\site-packages\uvicorn\lifespan\on.py:62 | Application startup complete.
2026-05-10 08:13:07,573 | uvicorn.error | INFO | .venv\Lib\site-packages\uvicorn\server.py:224 | Uvicorn running on http://127.0.0.1:8001 (Press CTRL+C to quit)
2026-05-10 08:13:07,681 | app.core.middleware.request_logger | INFO | app\core\middleware\request_logger.py:15 | Request duration : 6.360300001688302ms | Request URL : http://127.0.0.1:8001/health | Request Method : GET | 
2026-05-10 08:13:07,682 | uvicorn.access | INFO | .venv\Lib\site-packages\uvicorn\protocols\http\h11_impl.py:482 | 127.0.0.1:56672 - "GET /health HTTP/1.1" 200
2026-05-10 08:13:08,618 | app.core.middleware.request_logger | INFO | app\core\middleware\request_logger.py:15 | Request duration : 1.2167999520897865ms | Request URL : http://127.0.0.1:8001/health | Request Method : GET | 
2026-05-10 08:13:08,618 | uvicorn.access | INFO | .venv\Lib\site-packages\uvicorn\protocols\http\h11_impl.py:482 | 127.0.0.1:50575 - "GET /health HTTP/1.1" 200
2026-05-10 08:13:08,642 | app | INFO | app\services\user_service.py:28 | Attempting to create user with email: test-d7c4b1aa@example.com
2026-05-10 08:13:09,433 | app.core.middleware.request_logger | INFO | app\core\middleware\request_logger.py:15 | Request duration : 795.8408000413328ms | Request URL : http://127.0.0.1:8001/users/ | Request Method : POST | 
2026-05-10 08:13:09,488 | uvicorn.access | INFO | .venv\Lib\site-packages\uvicorn\protocols\http\h11_impl.py:482 | 127.0.0.1:50576 - "POST /users/ HTTP/1.1" 201
2026-05-10 08:13:09,543 | app.core.middleware.request_logger | INFO | app\core\middleware\request_logger.py:15 | Request duration : 50.747100031003356ms | Request URL : http://127.0.0.1:8001/user-addresses/ | Request Method : POST | 
2026-05-10 08:13:09,543 | uvicorn.access | INFO | .venv\Lib\site-packages\uvicorn\protocols\http\h11_impl.py:482 | 127.0.0.1:59311 - "POST /user-addresses/ HTTP/1.1" 201
2026-05-10 08:13:09,583 | app.core.middleware.request_logger | INFO | app\core\middleware\request_logger.py:15 | Request duration : 36.16780007723719ms | Request URL : http://127.0.0.1:8001/user-addresses/30041 | Request Method : PATCH | 
2026-05-10 08:13:09,583 | uvicorn.access | INFO | .venv\Lib\site-packages\uvicorn\protocols\http\h11_impl.py:482 | 127.0.0.1:59312 - "PATCH /user-addresses/30041 HTTP/1.1" 200
2026-05-10 08:13:09,594 | app.core.middleware.request_logger | INFO | app\core\middleware\request_logger.py:15 | Request duration : 6.832499988377094ms | Request URL : http://127.0.0.1:8001/user-addresses/30041 | Request Method : DELETE | 
2026-05-10 08:13:09,594 | uvicorn.access | INFO | .venv\Lib\site-packages\uvicorn\protocols\http\h11_impl.py:482 | 127.0.0.1:59313 - "DELETE /user-addresses/30041 HTTP/1.1" 204
2026-05-10 08:13:09,611 | app | INFO | app\services\user_service.py:19 | Fetching user details for ID: 20002
2026-05-10 08:13:09,620 | app.core.middleware.request_logger | INFO | app\core\middleware\request_logger.py:15 | Request duration : 10.201899916864932ms | Request URL : http://127.0.0.1:8001/users/20002 | Request Method : DELETE | 
2026-05-10 08:13:09,622 | uvicorn.access | INFO | .venv\Lib\site-packages\uvicorn\protocols\http\h11_impl.py:482 | 127.0.0.1:59314 - "DELETE /users/20002 HTTP/1.1" 204
